clave_anterior,clave_nueva,partida,partida_clave,activo,tipo_precio,porcentaje,unidad,precio_venta_anterior,descripcion,notas_migracion
ACA09001,ACA-0001,Acabados,ACA,SI,FIJO,,Bolsa,42.24,Suministro de separadores para colocaciòn de piso 300 pzas,
ACA09055,ACA-0002,Acabados,ACA,SI,FIJO,,m2,131.79,"Suministro y aplicación de de pintura vinilica mate en muros y plafones con superficie lisa no rugosa a una altura no mayor de 3.00m, incluye mano de obra, escaleras, manerales, brochas, rodillos, felpas, pintura.",
ACA09002,ACA-0003,Acabados,ACA,SI,FIJO,,Lote,4200.0,"Suministro y aplicación de pintura de tuberias electricas color dorado existentes en muros y plafones; incluye pintura esmalte, andamios, thiner y todo lo necesario para su corecta ejecucion.",
ACA09003,ACA-0004,Acabados,ACA,SI,FIJO,,Lote,60000.0,Suministro e instalacion de alucobond en fachada,
ACA09004,ACA-0005,Acabados,ACA,SI,FIJO,,ml,80.0,Colocacion de zoclo de desnivel en contra-barra,
ACA09005,ACA-0006,Acabados,ACA,SI,FIJO,,m2,198.24,Suministro piso ceramico oakwood walnut 60x20 cm marca INTERCERAMIC.,
ACA09006,ACA-0007,Acabados,ACA,SI,FIJO,,m2,262.5,"Suministro de piso de ceramica marca INTERCERAMIC modelo SUNWOOD COWBOY, dimensiones 60X20  cms",
ACA09007,ACA-0008,Acabados,ACA,SI,FIJO,,m2,137.069,"Suministro de piso antiderrapante para barra y cocina, marca INTERCERAMIC modelo kronos formato 30X30 (P3)",
ACA09008,ACA-0009,Acabados,ACA,SI,FIJO,,m2,125.0,Suministro de azulejo blanco marca INTERCERAMIC modelo astratto 20x20 esmaltado. Para lambirn de sanitarios (M9),
ACA09009,ACA-0010,Acabados,ACA,SI,FIJO,,m2,125.0,Suministro de lambrin ceramico para cocina formato 20x30  INTERCERAMIC modelo astratto (M10),
ACA09010,ACA-0011,Acabados,ACA,SI,FIJO,,m2,190.0,"Colocación de azulejo en muros de cocina a una altura de 2.1m, con azulejo de 20cm x 30cm linea economica, pegado con adhesivo blanco y junta de cemento blanco, incluye mano de obra, herramienta menor, desperdicios, mermas y todo lo necesario para su correcta ejecución. (M10)",
ACA09011,ACA-0012,Acabados,ACA,SI,FIJO,,m2,160.0,"Colocación de piso de ceramica de 40x60 cms. Asentado con piso sobre piso gris por suministro de boquilla para junta en color chocolate,.incluye: suministro y aplicación de boquilla en juntas, acarre y elevacion de materiales, herramientas y mano de obra (P1)",
ACA09012,ACA-0013,Acabados,ACA,SI,FIJO,,m2,160.0,"Colocacion piso de ceramica marca INTERCERAMIC modelo  SUNWOOD COWBOY, dimensiones 60X20  cms",
ACA09013,ACA-0014,Acabados,ACA,SI,FIJO,,m2,190.0,"Colocación de lambrin de 20x20 cms. Asentado con pegazulejo blanco por suministro de boquilla para junta en color blanco,.incluye: suministro y aplicación de boquilla en juntas, acarreo y elevacion de materiales, herramientas y mano de obra (M9)",
ACA09014,ACA-0015,Acabados,ACA,SI,FIJO,,m2,190.0,"Colocación de piso antiderrapante para barra modelo KRONOS, formato 30 x 30. .incluye: suministro y aplicación de boquilla en juntas, acarreo y elevacion de materiales, herramientas y mano de obra (P3)",
ACA09015,ACA-0016,Acabados,ACA,SI,FIJO,,m2,60.0,"Suministro y aplicación de sellador en muros y plafones exteriores e interiores hasta una altura de 3m, incluye material, mano de obra, herramienta y todo lo necesario para su correcta ejecucion (PL1, PL2, PL3, M1, M2, M3, M4, M11)",
ACA09016,ACA-0017,Acabados,ACA,SI,FIJO,,m2,70.0,"Suministro y aplicación de sellador en muros y plafones exteriores e interiores a partir de una altura de 3m. Incluye material, mano de obra, herramienta y todo lo necesario para su correcta ejecucion",
ACA09017,ACA-0018,Acabados,ACA,SI,FIJO,,m2,57.52,Suministro y aplicación de de pintura vinilica mate Vinimex Comex en muros.,
ACA09018,ACA-0019,Acabados,ACA,SI,FIJO,,m2,70.69,"Suministro y aplicación de Pintura vinilicaen plafones,",
ACA09019,ACA-0020,Acabados,ACA,SI,FIJO,,m2,95.54,"Suministro y aplicación de Pintura esmalte en muros y plafones de cocina, marca comex pro-1000 color blanco a dos manos, incluye: aplicación de sellador, materiales, preparación de la superficie, mano de obra, equipo, herramienta y andamios. (PL1)",
ACA09020,ACA-0021,Acabados,ACA,SI,FIJO,,m2,573.54,"Suministro e instalacion de alfombra para trafico pesado en  tarima y sobre tarima de escenario, color negro/ gris oxfor, incluye bajoalfombra o pegamento, engrapado, mano de obra, material, desperdicios y tod lo necesario para su correcta ejecución. (P4)",
ACA09021,ACA-0022,Acabados,ACA,SI,FIJO,,m2,132.41,"Colocacion de papel tapiz .incluye: suministro y aplicación de pegamento para papel tapiz, boquilla en juntas, acarreo y elevacion de materiales, herramientas y mano de obra (M7)",
ACA09022,ACA-0023,Acabados,ACA,SI,FIJO,,m2,79.65,"Suministro y aplicación de pintura en guarnicion, de pintura de transito a base de agua, de un solo componente con resinas acrilicas, pigmentos, color amarillo, de imperquimia y reflejante",
ACA09023,ACA-0024,Acabados,ACA,SI,FIJO,,m2,612.0,"Suministro y colocación de fachaleta en de juegos, incluye; mano de obra, herramientra menor y todo lo necesario para su correcta instalación",
ACA09024,ACA-0025,Acabados,ACA,SI,FIJO,,m2,1100.0,Suministro y colocacion de muro verde,
ACA09025,ACA-0026,Acabados,ACA,SI,FIJO,,m2,399,"Suministro y colocación de piso cerámico para terrazas modelo EARTH FD GRIS LAMOSA 36CMX36CM , asentado con adhesivo blanco, incluye: preparación de superficie, aplicación de boquilla en juntas, zoclos, detalles de corte, acarreo y elevación de materiales, herramientas y mano de obra especializada.",
ACA09026,ACA-0027,Acabados,ACA,SI,FIJO,,m2,399,"Suministro y colocación de piso cerámico para terrazas modelo DUELA CHAPALA PINO VITROMEX 18CMX60.6XM , asentado con adhesivo blanco, incluye: preparación de superficie, aplicación de boquilla en juntas, zoclos, detalles de corte, acarreo y elevación de materiales, herramientas y mano de obra especializada.",
ACA09027,ACA-0028,Acabados,ACA,SI,FIJO,,m2,397,"Suministro y colocación de piso cerámico para terrazas modelo TRAVIS GRIS 45CMX45CM HD S , asentado con adhesivo blanco, incluye: preparación de superficie, aplicación de boquilla en juntas, zoclos, detalles de corte, acarreo y elevación de materiales, herramientas y mano de obra especializada.",
ACA09028,ACA-0029,Acabados,ACA,SI,FIJO,,m2,352.4,"Suministro y colocación de piso cerámico para terrazas modelo piso Giotto Bianco 35.7 × 35.7 , asentado con adhesivo blanco, incluye: preparación de superficie, aplicación de boquilla en juntas, zoclos, detalles de corte, acarreo y elevación de materiales, herramientas y mano de obra especializada.",
ACA09029,ACA-0030,Acabados,ACA,SI,FIJO,,m2,98.0,"Suministro y aplicación de pintura vinílica mate en muros y plafones interiores. Incluye: limpieza superficial, aplicación de sellador de adherencia, dos manos de pintura, protección de áreas con plástico, uso de andamios, herramientas menores (brochas, rodillos), mano de obra especializada y todo lo necesario para su correcta ejecución.",
ACA09030,ACA-0031,Acabados,ACA,SI,FIJO,,m2,156.0,"Suministro y aplicación de pintura vinílica mate en muros de fachada. Incluye: limpieza superficial, aplicación de sellador de adherencia, dos manos de pintura, protección de áreas con plástico, uso de andamios, herramientas menores (brochas, rodillos), mano de obra especializada y todo lo necesario para su correcta ejecución.",
ACA09031,ACA-0032,Acabados,ACA,SI,FIJO,,m2,120.54,"Suministro y aplicación de Pintura esmalte negro mate en herreria, incluye: materiales, preparación de la superficie, mano de obra, equipo, herramienta y andamios.",
ACA09032,ACA-0033,Acabados,ACA,SI,FIJO,,Pza,585.0,Suministro de espejos de baño Modelo con rayas plata 70x50 indicado Home Depot SKU 110701,
ACA09033,ACA-0034,Acabados,ACA,SI,FIJO,,Saco,688.793,Suministro de adhesivo piso sobre piso 50 Kg marca INTERCERAMIC,
ACA09034,ACA-0035,Acabados,ACA,SI,FIJO,,Saco,231.896,Suministro de adhesivo pegazulejo gris rapido 50 Kg marca INTERCERAMIC,
ACA09035,ACA-0036,Acabados,ACA,SI,FIJO,,Saco,106.896,"Suministro de boquilla sin arena  para piso de ceramica y lambrin de ceraminca, incluye separadores de 5mm",
ACA09036,ACA-0037,Acabados,ACA,SI,FIJO,,m2,198.0,"Suministro y colocación de piso cerámico marca LAMOSA, modelo Earth Gris, formato 36x36 cm, para interiores en estancia, cocina, recámaras y pasillos. Instalado sobre cama de mortero 1:4, nivelado, con adhesivo y boquilla tono gris. Incluye herramienta menor, mano de obra, nivelación previa (si aplica), limpieza del área, y todo lo necesario para su correcta ejecución.",
ACA09037,ACA-0038,Acabados,ACA,SI,FIJO,,m2,235.0,"Colocación de piso cerámico VITROMEX, modelo Chapala Pino, formato 18x60.6 cm, como lambrín decorativo en muros de baños, cocina, recámara o avultados en sala, con orientación horizontal y boquilla color chocolate. Incluye herramienta menor, mano de obra, adhesivo cerámico, nivelado del muro, limpieza posterior, y todo lo necesario para su correcta ejecución.",
ACA09038,ACA-0039,Acabados,ACA,SI,FIJO,,m2,128.0,"Colado y acabado de concreto pulido tipo obra, en patios de servicio, terrazas pequeñas y áreas de azotea técnica. Pulido con llana metálica sobre concreto fresco, dejando superficie nivelada y limpia. Incluye herramienta menor, mano de obra, mezcla de concreto, curado húmedo, y todo lo necesario para su correcta ejecución.",
ACA09039,ACA-0040,Acabados,ACA,SI,FIJO,,m2,215.0,"Suministro y colocación de piso cerámico decorativo en muro, marca VITROMEX, modelo Giotto Verde, formato 10x35.7 cm, para detalles decorativos en cocina. Colocado con adhesivo cerámico blanco y boquilla de color a definir. Incluye herramienta menor, mano de obra, cortes precisos, limpieza y todo lo necesario para su correcta ejecución.",
ACA09040,ACA-0041,Acabados,ACA,SI,FIJO,,m2,72.0,"Aplicación de pintura vinílica marca COMEX Vinimex color verde turquesa, en muros interiores de baño y muros de contraste en recámaras, sobre superficie aplanada. Incluye sellador, doble capa, herramienta menor, mano de obra, limpieza y todo lo necesario para su correcta ejecución.",
ACA09041,ACA-0042,Acabados,ACA,SI,FIJO,,m2,68.0,"Aplicación de pintura vinílica marca COMEX Vinimex color gris pistilo, en muros interiores generales y plafones de departamentos y roof garden. Incluye preparación de superficie, doble capa, herramienta menor, mano de obra, y todo lo necesario para su correcta ejecución.",
ACA09042,ACA-0043,Acabados,ACA,SI,FIJO,,m2,70.0,"Aplicación de pintura vinílica color gris alforja en paramentos verticales del ducto de escaleras. Incluye sellador, aplicación en dos capas, herramienta menor, mano de obra y todo lo necesario para su correcta ejecución.",
ACA09043,ACA-0044,Acabados,ACA,SI,FIJO,,m2,86.0,"Aplicación de pintura esmalte negro mate en herrería metálica de escaleras. Incluye limpieza previa, cepillado, fondo anticorrosivo, doble capa, herramienta menor y todo lo necesario para su correcta ejecución.",
ACA09044,ACA-0045,Acabados,ACA,SI,FIJO,,m2,86.0,"Aplicación de pintura vinílica exterior color tipo Chukum, en fachada sin celosía y paramentos exteriores del roof garden. Incluye sellador, doble capa, herramienta menor, mano de obra, andamios (si aplica) y todo lo necesario para su correcta ejecución.",
ACA09045,ACA-0046,Acabados,ACA,SI,FIJO,,m2,620.0,"Suministro y colocación de celosía cuadrada de barro natural, colocada en fachada sobre bastidor metálico, con mortero de asiento y nivelación precisa. Incluye herramienta menor, mano de obra, refuerzo metálico (si aplica), limpieza y todo lo necesario para su correcta ejecución.",
ACC16001,ACC-0001,Climas y Ventilación Técnica,ACC,SI,FIJO,,Equipo,40000.0,Suministro de equipo de aire acondicionado de 5 toneladas MCA York,
ACC16002,ACC-0002,Climas y Ventilación Técnica,ACC,SI,FIJO,,ml,850.0,Material para colocación de climas,
ACC16003,ACC-0003,Climas y Ventilación Técnica,ACC,SI,FIJO,,Pza,5000.0,Mano de obra por colocación de climas.,
ACC16004,ACC-0004,Climas y Ventilación Técnica,ACC,SI,FIJO,,Pza,3500.0,Bombas para condensado.,
ALB08001,ALB-0001,Albañilerías,ALB,SI,FIJO,,Lote,3600.0,"Cimbra acabado comun y decimbrado en losa, castillos, dalas y cerramientos, incluye habilitado, chaflanes, gotero y frentes, materiales menores de consumo, mano de obra y herramienta",
ALB08002,ALB-0002,Albañilerías,ALB,SI,FIJO,,Lote,39800.0,"Construcción de cisterna para 10,000 l de capacidad.Dimensiones: 2.5m x 2m x 2m (10 m³).
Excavación mecanizada con retroexcavadora (suelo normal, sin retiro de escombros), plantilla de concreto pobre (5 cm) + firme armado (10 cm, f'c=200 kg/cm²), muros de block hueco de 15 cm con castillos de 12x25 cm cada 1.5m, sellado con membrana asfáltica (2 capas) y perfilado en acabado pulido fino. Tapa de losa prefabricada con registro metálico y tubería PVC de 4"".
Incluye: Materiales, mano de obra calificada, herramientas y supervisión técnica.
Excluye: Permisos municipales, retiro de escombros y conexión final a red hidráulica. v2",
ALB08003,ALB-0003,Albañilerías,ALB,SI,FIJO,,Lote,3300,"Instalación de tuberia de pvc (snake) para distribución de datos de audio de cabina a escenario incluye; ranurado,  excavación, rellenos compactado, material, herramienta y mano de obra",
ALB08004,ALB-0004,Albañilerías,ALB,SI,FIJO,,Lote,39800.0,"Construcción de cisterna para 10,000 l de capacidad.Dimensiones: 2.5m x 2m x 2m (10 m³).
Excavación mecanizada con retroexcavadora (suelo normal, sin retiro de escombros), plantilla de concreto pobre (5 cm) + firme armado (10 cm, f'c=200 kg/cm²), muros de block hueco de 15 cm con castillos de 12x25 cm cada 1.5m, sellado con membrana asfáltica (2 capas) y perfilado en acabado pulido fino. Tapa de losa prefabricada con registro metálico y tubería PVC de 4"".
Incluye: Materiales, mano de obra calificada, herramientas y supervisión técnica.
Excluye: Permisos municipales, retiro de escombros y conexión final a red hidráulica.",
ALB08005,ALB-0005,Albañilerías,ALB,SI,FIJO,,ml,109.33,"Ranurado de firme de concreto y muro para instalación de red sanitaria y electrica, incluye habilitado de climas",
ALB08006,ALB-0006,Albañilerías,ALB,SI,FIJO,,ml,356.65,"Dala de concreto hidraulico resistencia normal f`c= 200 kg/cm2 reforzado con 4 varillas de 3/8"" y estribos de 1/4"" de diametro @ 20 cm acabado comun. Incluye cimbra, descimbra, armado, colocacion, vibrado y curado. Seccion 15x20 cm",
ALB08007,ALB-0007,Albañilerías,ALB,SI,FIJO,,ml,413.72,"Dala de concreto hidraulico resistencia normal f`c= 200 kg/cm2 reforzado con 4 varillas de 3/8"" y estribos de 1/4"" de diametro @ 20 cm acabado comun. Incluye cimbra, descimbra, armado, colocacion, vibrado y curado. Seccion 20x20 cm",
ALB08008,ALB-0008,Albañilerías,ALB,SI,FIJO,,ml,260.19,"Cadena de concreto hidraulico resistencia normal f'c= 200 kg/cm2 reforzado con 4 varillas de 3/8"" y estribos de 1/4"" de diametro @ 20 cm, acabado comun dos caras, incluye cimbra, descimbra, armado, colocacion, vibrado y curado. Seccion 15 x 15 cm",
ALB08009,ALB-0009,Albañilerías,ALB,SI,FIJO,,ml,298.62,"Cadena de concreto hidraulico resistencia normal f'c= 200 kg/cm2 reforzado con 4 varillas de 3/8"" y estribos de 1/4"" de diametro @ 20 cm, acabado comun dos caras, incluye cimbra, descimbra, armado, colocacion, vibrado y curado. Seccion 15 x 20 cm",
ALB08010,ALB-0010,Albañilerías,ALB,SI,FIJO,,ml,215.38,"Castillos armados concr. F´c=150kg/cm2 de 15x15 cms. De seccion,armados con armex  15x15-4",
ALB08011,ALB-0011,Albañilerías,ALB,SI,FIJO,,ml,52.57,"Castillo de concreto hidraulico resistencia normal f'c= 200 kg/cm2, ahogado con varillas de 3/8"" de diametro",
ALB08012,ALB-0012,Albañilerías,ALB,SI,FIJO,,ml,92.85,"Emboquillado de muro de block con mortero cemento - arena 1:4 hasta una altura de 3 mts incluye; material, mano de obra, herramiento menor y andamios.",
ALB08013,ALB-0013,Albañilerías,ALB,SI,FIJO,,m2,450.0,"Losa con vigueta pretensada tipo P-13 y bovedilla de concreto (70x20x16 cm), incluye: capa de compresión de concreto f'c=200 kg/cm² (4 cm de espesor), malla electrosoldada 66-10-10, apuntalamiento temporal, mano de obra especializada, herramientas y todo lo necesario para su correcta ejecución. v2",
ALB08014,ALB-0014,Albañilerías,ALB,SI,FIJO,,m2,112.0,"Plantilla de concreto pobre resistencia normal f'c=100 kg/cm², de 5 cm de espesor. Incluye: preparación del fondo de excavación (nivelación, eliminación de material suelto), compactación manual o mecánica, y colado de concreto pobre. Materiales, mano de obra, herramientas y todo lo necesario para su correcta ejecución. v2",
ALB08015,ALB-0015,Albañilerías,ALB,SI,FIJO,,m2,675.0,"Piso de concreto de 0.10m de espesor con concreto hecho en obra f'c 200kg/cm2, agregado máximo de 3/4"".acabado rustico nivelado malla electrosoldada.",
ALB08016,ALB-0016,Albañilerías,ALB,SI,FIJO,,m2,9.65,"Curado de concreto en losa de a base de agua, incluye materiales y mano de obra",
ALB08017,ALB-0017,Albañilerías,ALB,SI,FIJO,,m2,48.57,"Forjado de aristas de losa de 10 cm por lado, incluye materiales, herramienta y mano de obra",
ALB08018,ALB-0018,Albañilerías,ALB,SI,FIJO,,m2,172.12,"Suministro y aplicación de impermeabilizante asfáltico base solvente Fester Vaportite 550 en dalas, cimentaciones y contratrabes. Incluye: Preparación de la superficie: Limpieza mecánica (cepillado o chorro de arena), eliminación de polvo, grasa y materiales sueltos, reparación de grietas con mortero epóxico (hasta 3 mm de ancho), aplicación de dos capas de Fester Vaportite 550 con brocha o rodillo, incluyendo refuerzo con malla de fibra de vidrio en juntas y zonas críticas, mano de obra especializada con equipo de protección (mascarilla N95, guantes y lentes). v2",
ALB08019,ALB-0019,Albañilerías,ALB,SI,FIJO,,m2,115.0,"Aplanado fino  de muro con mortero cemento - arena 1:4 hasta una altura  a partir de 3 mts incluye; material, herramienta menor, andamios y mano de obra. v2",
ALB08020,ALB-0020,Albañilerías,ALB,SI,FIJO,,m2,124.0,"Aplicación de aplanado fino de yeso en plafones, trabes, reventos y reglas, incluye nivelación de superficies irregulares, tratamiento de vértices y áreas angostas. Incluye suministro de materiales (yeso fino, aditivos), mano de obra calificada, herramientas (espátulas, reglas, nivel láser) y todo lo necesario para su correcta ejecución. v2",
ALB08021,ALB-0021,Albañilerías,ALB,SI,FIJO,,m2,257.0,"Suministro y aplicación de resina acrílica elastomérica en azotea, formulada para adaptarse a superficies rugosas o con desniveles. Incluye limpieza mecánica (eliminación de partículas sueltas), aplicación de imprimante de adherencia, sellado de fisuras con malla de refuerzo y acabado en color blanco reflectivo. Ideal para losas de concreto con acabado gris sin pulir o con porosidad elevada. v2",
ALB08022,ALB-0022,Albañilerías,ALB,SI,FIJO,,m2,112.32,"Suministro y aplicación de impermeabilizante asfáltico color rojo en muros exteriores colindantes con fachadas vecinas. Incluye: Preparación de la superficie: Limpieza con chorro de arena o cepillado para eliminar polvo, eflorescencias y materiales sueltos, reparación de grietas: Sellado con mortero epóxico (hasta 5 mm de ancho), aplicación: 2 capas de impermeabilizante asfáltico modificado con polímeros (color rojo estándar) mediante brocha o rodillo, reforzando juntas y zonas de contacto con la fachada vecina. v2",
ALB08023,ALB-0023,Albañilerías,ALB,SI,FIJO,,m2,320.0,"Muro de tabique recocido de 7 cm de espesor, acabado común, en áreas planas. Asentado con mortero cemento-arena en proporción 1:5. Incluye materiales, mano de obra y todo lo necesario para su correcta ejecución. v2",
ALB08024,ALB-0024,Albañilerías,ALB,SI,FIJO,,m2,212.0,"Aplanado fino de pulido de concreto con cemento, basecoat, sellador en interiores. incluye; material, herramienta menor, andamios y mano de obra.",
ALB08025,ALB-0025,Albañilerías,ALB,SI,FIJO,,m2,170.23,"Piso de concreto hidraulico resistencia normal f'c 150 kg/cm2  elaborado en obra, reforzado con malla electro soldada, de 5 cm de espesor, incluye : los materiales , la mano de obra, para el acabado rustico , mano de obra, y equipo necesario para su correcta ejecucion",
ALB08026,ALB-0026,Albañilerías,ALB,SI,FIJO,,m2,133.85,Firme de concreto hidraulico resistencia normal f'c= 150 kg/cm2 de 5 cm de espesor,
ALB08027,ALB-0027,Albañilerías,ALB,SI,FIJO,,m2,141.79,Firme de concreto hidraulico resistencia normal f'c= 200 kg/cm2 de 5 cm de espesor,
ALB08028,ALB-0028,Albañilerías,ALB,SI,FIJO,,m2,257.47,"Piso de concreto de 0.10m de espesor con concreto hecho en obra f'c 200kg/cm2, agregado máximo de 3/4"".acabado pulido malla electrosoldada. Incluye: cimbrado, (zona de servicios)",
ALB08029,ALB-0029,Albañilerías,ALB,SI,FIJO,,m2,320.0,"Muro de tabique recocido de 7 cm de espesor, acabado común, en áreas planas. Asentado con mortero cemento-arena en proporción 1:5. Incluye materiales, mano de obra y todo lo necesario para su correcta ejecución.",
ALB08030,ALB-0030,Albañilerías,ALB,SI,FIJO,,m2,319.0,"Muro block de 15x20x40 cms. Asentado con mortero 1:2:7 a plomo y nivel con mezcla recortada por ambas caras altura máxima de 2.60 m. Incluye herramienta, material y mano de obra.",
ALB08031,ALB-0031,Albañilerías,ALB,SI,FIJO,,m2,382.8,"Muro block de 15x20x40 cms. Asentado con mortero 1:2:7 a plomo y nivel con mezcla recortada por ambas caras altura a partir de 2.60 m. Incluye herramienta, material y mano de obra.",
ALB08032,ALB-0032,Albañilerías,ALB,SI,FIJO,,m2,198.25,"Aplanado pulido en muros, con mortero - cal - arena en proporcion 1:1:6 de 2 cm de espesor. Incluye el repellado",
ALB08033,ALB-0033,Albañilerías,ALB,SI,FIJO,,m2,198.34,"Aplanado fino  de muro con mortero cemento - arena 1:4 hasta una altura  a partir de 3 mts incluye; material, herramienta menor, andamios y mano de obra.",
ALB08034,ALB-0034,Albañilerías,ALB,SI,FIJO,,m2,155.0,"Aplicación de aplanado fino de yeso en plafones, trabes, reventos y reglas, incluye nivelación de superficies irregulares, tratamiento de vértices y áreas angostas. Incluye suministro de materiales (yeso fino, aditivos), mano de obra calificada, herramientas (espátulas, reglas, nivel láser) y todo lo necesario para su correcta ejecución.",
ALB08035,ALB-0035,Albañilerías,ALB,SI,FIJO,,m2,201.0,"Aplicación de aplanado fino de yeso en plafones, trabes, reventos y reglas a alturas superiores a 3 metros, incluye nivelación de superficies irregulares, tratamiento de vértices y áreas angostas, uso de andamios o plataformas de seguridad. Incluye suministro de materiales (yeso fino, aditivos, malla de refuerzo), mano de obra calificada, herramientas (espátulas, reglas, nivel láser) y todo lo necesario para su correcta ejecución.",
ALB08036,ALB-0036,Albañilerías,ALB,SI,FIJO,,m2,937.2,"Construcción de plancha de concreto armado con acero de 3/8¨acabado rustico para recibir cubierta de azulejo, en área de baños",
ALB08037,ALB-0037,Albañilerías,ALB,SI,FIJO,,m2,356.081,"Piso de concreto de 0.10m de espesor con concreto hecho en obra f'c 200kg/cm2, agregado máximo de 3/4"".acabado pulido. Incluye: cimbrado, (salon)",
ALB08038,ALB-0038,Albañilerías,ALB,SI,FIJO,,m2,194.601,"Suministro y aplicación de impermeabilizante de azotea con membrana de fester o similiar con sello, incluye: material mano de obra y herramienta",
ALB08039,ALB-0039,Albañilerías,ALB,SI,FIJO,,m2,224.84,"Suministro y colocacion de caseton de hielo seco 60x60x10 incluye material el nervaduras y malla electrosoldada, mano de obra y herramientas",
ALB08040,ALB-0040,Albañilerías,ALB,SI,FIJO,,m2,976.8,"Contratrabe de desplante seccion 20 x 40 incluye; material, herramienta y mano de obra",
ALB08041,ALB-0041,Albañilerías,ALB,SI,FIJO,,m2,1202.25,"Losa con vigueta pretensada tipo P-13 y bovedilla de concreto (70x20x16 cm), incluye: capa de compresión de concreto f'c=200 kg/cm² (4 cm de espesor), malla electrosoldada 66-10-10, apuntalamiento temporal, mano de obra especializada, herramientas y todo lo necesario para su correcta ejecución.",
ALB08042,ALB-0042,Albañilerías,ALB,SI,FIJO,,m2,494.35,"Suministros, habilitdo y colocacion de lamina galvanizada estructural calibre 22, seccion 4 (losacero) para construccion de losa. Incluye materiales, mano de obra, andamios, herramienta y el equipo necesario para su correcta ejecucion",
ALB08043,ALB-0043,Albañilerías,ALB,SI,FIJO,,m2,271.66,"Cimbra acabado comun y decimbrado en losa reticular con caseton de fibra de vidrio de 20 cm de peralte, a una altura de entrepiso de 4.00 m",
ALB08044,ALB-0044,Albañilerías,ALB,SI,FIJO,,m2,1185.34,"Rampa de acceso de 1.20 m de ancho, 2.0 de longitud y 8 cm de espesor, para personas con discapacidades diferentes. Incluye: corte, demolicion, preparacion de superficie, suministro y colocacion de concreto resistencia normal f'c= 150 kg/cm2",
ALB08045,ALB-0045,Albañilerías,ALB,SI,FIJO,,m2,289.9,"Suministro y aplicación de impermeabilizante prefabricado en azotea, mediante membrana prefabricada de 3.5 mm de espesor, modificada con polímeros SBS, reforzada con poliéster de 180 g/m² y acabado en gravilla, marca Fester o equivalente. Limpieza y preparación de la superficie,aplicación de imprimante asfáltico (primer) para mejorar la adherencia, sellado de fisuras, bajantes pluviales y chaflanes con cemento plástico, colocación de la membrana mediante termofusión con soplete de gas butano, asegurando traslapes de 10 cm en ambos sentidos. Incluye pruebas de calidad, limpieza final del área intervenida, mano de obra, herramienta y todo lo necesario para su correcta ejecucion.",
ALB08046,ALB-0046,Albañilerías,ALB,SI,FIJO,,m2,175.0,"Suministro y aplicación de impermeabilizante acrílico elastomérico con una durabilidad de 5 años, marca Fester Acriton 5 años o equivalente, en color blanco o rojo, aplicado en dos capas sobre superficie previamente preparada. Incluye: Limpieza y preparación de la superficie, eliminando polvo, grasa y materiales sueltos. Aplicación de una primera capa de impermeabilizante acrílico con un rendimiento aproximado de 0.25 litros por metro cuadrado. Colocación de una malla de refuerzo de poliéster en toda la superficie mientras la primera capa aún está fresca. Aplicación de una segunda capa de impermeabilizante acrílico con el mismo rendimiento que la primera. Mano de obra especializada para la correcta aplicación del sistema. Herramienta y equipo menor necesarios para la correcta ejecución de los trabajos.",
ALB08047,ALB-0047,Albañilerías,ALB,SI,FIJO,,m2,312.0,"Suministro y aplicación de impermeabilizante prefabricado en azotea, mediante membrana prefabricada de 3.5 mm de espesor, modificada con polímeros SBS, reforzada con poliéster de 180 g/m² y acabado en gravilla, marca Fester o equivalente. Incluye limpieza y preparación de la superficie, aplicación de imprimante asfáltico (primer), sellado de fisuras, bajantes pluviales y chaflanes con cemento plástico, colocación de la membrana mediante termofusión con soplete de gas butano, asegurando traslapes de 10 cm en ambos sentidos. Incluye pruebas de calidad, limpieza final del área intervenida, mano de obra, herramienta y todo lo necesario para su correcta ejecución.",
ALB08048,ALB-0048,Albañilerías,ALB,SI,FIJO,,m2,243.0,"Suministro y aplicación de impermeabilizante líquido de poliuretano (PU) en azotea, mediante capas de resina líquida de alta adherencia y flexibilidad. Incluye limpieza y preparación de la superficie, aplicación de imprimante asfáltico (primer), sellado de fisuras, bajantes pluviales y chaflanes con cemento plástico, y colocación de la membrana líquida mediante rodillo o brocha, asegurando uniformidad en el acabado. Incluye pruebas de calidad, limpieza final del área intervenida, mano de obra, herramienta y todo lo necesario para su correcta ejecución.",
ALB08049,ALB-0049,Albañilerías,ALB,SI,FIJO,,m2,240.0,"Suministro y aplicación de resina acrílica elastomérica en azotea, formulada para adaptarse a superficies rugosas o con desniveles. Incluye limpieza mecánica (eliminación de partículas sueltas), aplicación de imprimante de adherencia, sellado de fisuras con malla de refuerzo y acabado en color blanco reflectivo. Ideal para losas de concreto con acabado gris sin pulir o con porosidad elevada.","descripción repetida · conservada por regla — precio distinto, no se fusiona"
ALB08050,ALB-0050,Albañilerías,ALB,SI,FIJO,,m2,137.0,"Aplicación de capas de impermeabilizante cementoso de base acrílica en azotea, diseñado para adherencia en superficies irregulares. Incluye limpieza superficial, sellado de fisuras con mortero de reparación, aplicación de dos capas de impermeabilizante con brocha o rodillo, y acabado en tono gris estándar. Ideal para proyectos de bajo presupuesto o áreas no transitables.",
ALB08051,ALB-0051,Albañilerías,ALB,SI,FIJO,,m2,257.0,"Suministro y aplicación de resina acrílica elastomérica en azotea, formulada para adaptarse a superficies rugosas o con desniveles. Incluye limpieza mecánica (eliminación de partículas sueltas), aplicación de imprimante de adherencia, sellado de fisuras con malla de refuerzo y acabado en color blanco reflectivo. Ideal para losas de concreto con acabado gris sin pulir o con porosidad elevada.","descripción repetida · conservada por regla — precio distinto, no se fusiona"
ALB08052,ALB-0052,Albañilerías,ALB,SI,FIJO,,m2,112.32,"Suministro y aplicación de impermeabilizante asfáltico color rojo en muros exteriores colindantes con fachadas vecinas. Incluye: Preparación de la superficie: Limpieza con chorro de arena o cepillado para eliminar polvo, eflorescencias y materiales sueltos, reparación de grietas: Sellado con mortero epóxico (hasta 5 mm de ancho), aplicación: 2 capas de impermeabilizante asfáltico modificado con polímeros (color rojo estándar) mediante brocha o rodillo, reforzando juntas y zonas de contacto con la fachada vecina.",
ALB08053,ALB-0053,Albañilerías,ALB,SI,FIJO,,m2,172.12,"Suministro y aplicación de impermeabilizante asfáltico base solvente Fester Vaportite 550 en dalas, cimentaciones y contratrabes. Incluye: Preparación de la superficie: Limpieza mecánica (cepillado o chorro de arena), eliminación de polvo, grasa y materiales sueltos, reparación de grietas con mortero epóxico (hasta 3 mm de ancho), aplicación de dos capas de Fester Vaportite 550 con brocha o rodillo, incluyendo refuerzo con malla de fibra de vidrio en juntas y zonas críticas, mano de obra especializada con equipo de protección (mascarilla N95, guantes y lentes).",
ALB08054,ALB-0054,Albañilerías,ALB,SI,FIJO,,m2,128.65,"Aplicación de entortado en losa de azotea con mortero cemento-arena en proporción 1:5, de 6 cm de espesor, para conformar pendientes adecuadas y recibir impermeabilizante. Iincluye materiales, mano de obra, herramienta, acarreo de materiales a una distancia hasta 20m y todo lo necesario para su correcta ejecucion.",
ALB08055,ALB-0055,Albañilerías,ALB,SI,FIJO,,ml,395.0,"Cadena de cerramiento de 15 x 15 cm, fabricada con concreto f'c=200 kg/cm², armada con 4 varillas de 3/8"" y estribos de alambrón de 1/4"" @ 20 cm. Incluye: armado, cimbrado, colado, vibrado y curado. Materiales (concreto, acero, alambrón), mano de obra especializada, andamios, herramientas y todo lo necesario para su correcta ejecución. v2",
ALB08056,ALB-0056,Albañilerías,ALB,SI,FIJO,,ml,198.0,"Perfilado de vértices en exterior con goteros hidrofugos, incluye: trazado, colocación de reglas y cimbra, sellado de juntas con mortero impermeable, aplicación de goteros metálicos o de PVC, y acabado en ángulo de 45° para escurrimiento eficiente. Incluye materiales, mano de obra, herramientas y todo lo necesario para su correcta ejecución. v2",
ALB08057,ALB-0057,Albañilerías,ALB,SI,FIJO,,ml,198.0,"Perfilado de vértices en exterior con goteros hidrofugos, incluye: trazado, colocación de reglas y cimbra, sellado de juntas con mortero impermeable, aplicación de goteros metálicos o de PVC, y acabado en ángulo de 45° para escurrimiento eficiente. Incluye materiales, mano de obra, herramientas y todo lo necesario para su correcta ejecución.",
ALB08058,ALB-0058,Albañilerías,ALB,SI,FIJO,,ml,268.65,"Cadena de cerramiento CR2 de 15 x 25 cm, fabricada con concreto f'c=200 kg/cm², armada con 4 varillas de 3/8"" y estribos de alambrón de 1/4"" @ 20 cm. Incluye materiales, mano de obra, andamios, herramienta y el equipo necesario para su correcta ejecucion",
ALB08059,ALB-0059,Albañilerías,ALB,SI,FIJO,,ml,395.0,"Cadena de cerramiento de 15 x 15 cm, fabricada con concreto f'c=200 kg/cm², armada con 4 varillas de 3/8"" y estribos de alambrón de 1/4"" @ 20 cm. Incluye: armado, cimbrado, colado, vibrado y curado. Materiales (concreto, acero, alambrón), mano de obra especializada, andamios, herramientas y todo lo necesario para su correcta ejecución.",
ALB08060,ALB-0060,Albañilerías,ALB,SI,FIJO,,Pza,215.38,"Cadena de desplante de 15 x 20 concreto f´c 200 kg/cm3 armex 15 x 20 -4 incluye; cimbra, decimbra, acabado comun, mano de obra, equipo necesario, materiales acarreo a primera estacion a 20 ml.",
ALB08061,ALB-0061,Albañilerías,ALB,SI,FIJO,,Pza,2152.0,"Castillo estructural de concreto f'c=150 kg/cm², armado con 4 varillas de 3/8"" y estribos de alambrón de 1/4"" @ 12 cm. Altura estándar de 2.7 m. Incluye: habilitado de acero, cimbrado, colado, vibrado y curado. Materiales (concreto, varillas, alambrón), mano de obra, herramientas y todo lo necesario para su correcta ejecución. v2",
ALB08062,ALB-0062,Albañilerías,ALB,SI,FIJO,,Pza,2976.0,"Dala de desplante en marco nuevo de losa según diseño estructural. 4 varillas de 3/8"" y estribos de alambrón .",
ALB08063,ALB-0063,Albañilerías,ALB,SI,FIJO,,Pza,487.0,"Perfilado de ranuras y boquillas para vanos de puertas, ventanas y tragaluces. Incluye: trazado, corte y ajuste de molduras, sellado de juntas con mortero cemento-arena, y preparación para instalación de marcos. Incluye materiales, mano de obra, herramienta y todo lo necesario para su correcta ejecución. v2",
ALB08064,ALB-0064,Albañilerías,ALB,SI,FIJO,,Pza,1555.4,"Registro con muro de tabique rojo recocido 0.40 x 0.60 x 0.80, incluye el suministro del tabique, cemento, grava, agua, tubo para media caña, acero de refuerzo, marco, contramarco, preparacion de la superficie de desplante, elaboracion de las mezclas de mortero y concreto, formacion de la media caña, construccion de los muros, aplanado en las paredes, interiores, con mortero cemento-arena 1:5. Emboquillado de las conexiones del tubo de albañal con el registro. Limpieza y herramienta y todo lo necesario para su correcta ejecucion",
ALB08065,ALB-0065,Albañilerías,ALB,SI,FIJO,,Pza,1292.58,"Desplante de registro tipo sanitario para colocacion de caja fuerte de 0.50x0.50x0.80, muros aplanados, brocal de angulo de herreria y tapa de concreto de 0.05m de espesor, incluye, excavacion, acarreo de material producto de la excavacion, afine de muros internos, colado de firme de concreto para ahogar caja fuerte, y colocacion de caja fuerte.",
ALB08066,ALB-0066,Albañilerías,ALB,SI,FIJO,,Pza,315.45,Suministro y colocación de muro de tabique,
ALB08067,ALB-0067,Albañilerías,ALB,SI,FIJO,,Pza,487.0,"Perfilado de ranuras y boquillas para vanos de puertas, ventanas y tragaluces. Incluye: trazado, corte y ajuste de molduras, sellado de juntas con mortero cemento-arena, y preparación para instalación de marcos. Incluye materiales, mano de obra, herramienta y todo lo necesario para su correcta ejecución.",
ALB08068,ALB-0068,Albañilerías,ALB,SI,FIJO,,m2,364.0,"Muro de carga con block macizo de concreto- Construcción de muro de carga con block macizo de concreto (15–20 cm), frente y trasdos emparejados. Asentado con mortero cemento-arena, con refuerzo de castillos y cadenas en acero Ø3/8” + estribos φ3/16”/20 cm, alineación, desplome y curado. Incluye herramienta, mano de obra calificada, andamios, materiales (block, mortero, acero, agua), limpieza y todo lo necesario para su correcta ejecución.",
ALB08069,ALB-0069,Albañilerías,ALB,SI,FIJO,,m2,278.0,"Construcción de muro divisor interior aparente con tabique rojo recocido, doble cara, colocación en traba de junta corrida y asentado con mortero cemento-arena. Incluye: nivelado, alineación, herramienta menor, mano de obra, suministro de tabique, mortero y agua, limpieza del área. Terminación limpia y lista para acabados.",
ALB08070,ALB-0070,Albañilerías,ALB,SI,FIJO,,lote,6800.0,"Suministro y construcción de barra-desayunador en cocina a base de muros de tabique rojo recocido aparente (triplayado) asentado con mortero cemento-arena 1:5, armado y nivelado con plomo. Cubierta de concreto aligerado con malla electrosoldada y terminado con cerámico tipo granito verde (Vitromex modelo Giotto Verde 10x35.7 cm). Altura de barra 1.10 m, longitud aprox. 1.80 m. Incluye herramienta, cimbra, concreto, adhesivo, materiales, mano de obra y TNCE.",
ALB08071,ALB-0071,Albañilerías,ALB,SI,FIJO,,lote,6750.0,"Suministro y construcción de barra exterior en roof garden con muros de tabique rojo, cubierta de concreto armado con mallazo y acabado con cerámico tipo granito verde (Vitromex Giotto Verde 10x35.7 cm). Incluye plantilla de limpieza, cimbra, concreto, adhesivos, plomo, nivel, materiales y mano de obra. Altura: 1.10 m, longitud aprox. 2.20 m.",
ARR06001,ARR-0001,Acarreos,ARR,SI,FIJO,,m2,12.25,"Acarreo horizontal sin pendiente, de azulejo en carretillas de 3.5 ft a 20.00 m. Incluye carga y descarga del material",
ARR06002,ARR-0002,Acarreos,ARR,SI,FIJO,,m3,97.0,"Acarreo manual de escombro, materiales sueltos o producto de excavación desde la zona de trabajo hasta el área de carga, acopio o acceso frontal en obra, en distancias no mayores a 20 metros lineales. Aplica para espacios con acceso restringido sin posibilidad de ingreso vehicular.
Incluye herramienta menor, mano de obra, carretilla reforzada, costales (si aplica), y todo lo necesario para su correcta ejecución.",
ARR06003,ARR-0003,Acarreos,ARR,SI,FIJO,,m3,72.25,"Traspaleo de materiales agregados, para subir al local en camioneta de 1ton, incluye viaje, carga y descarga de material (3 pisos en camioneta y acarreo de material)",
ARR06004,ARR-0004,Acarreos,ARR,SI,FIJO,,viaje,1600.0,Retiro de material en volteos de 7m3 incluye; carga por medios mecánicos.,
ARR06005,ARR-0005,Acarreos,ARR,SI,FIJO,,viaje,2400.0,Retiro de material en volteos de 7m3 incluye; carga por medios mecánicos. v2,
ARR06006,ARR-0006,Acarreos,ARR,SI,FIJO,,m3,115.0,"Retiro manual de escombro generado por demolición, con acarreo dentro del predio. Incluye herramienta menor, mano de obra, carretillas, y todo lo necesario para su correcta ejecución.",
ARR06007,ARR-0007,Acarreos,ARR,SI,FIJO,,m3,315.0,"Carga de escombro a camión de volteo, con retiro a tiro autorizado y disposición legal. Incluye herramienta menor, mano de obra, renta de camión de volteo, y todo lo necesario para su correcta ejecución.",
CAR23001,CAR-0001,Carpintería,CAR,SI,FIJO,,Lote,32600.0,"Suministro y colocacion de muebles modulos completos en COCINA (integral y gavetas), zoclo, piso, alacena superior, módulos con cajones y entrepaños; fabricada por medio de Tablero MASISA/ARAUCO 16mm y 15mm respectivamente core MDPsegun diseño, puertas y vistas, interiores modelo Blanco. Incluye herrajes alemanes marca HAFELE: correderas de extension, bisagras bidimensionales 110º  y jaladeras. Se considera todo lo necesario para su correcta fabricación y colocación en sitio.",
CAR23002,CAR-0002,Carpintería,CAR,SI,FIJO,,m2,700.0,"Suministro y colocación de lambrin a base de triplay de madera de pino de 15mm diseño McCarthy's Irish Pub, rayado con ranuras de 3mm de espesor @0.10m, rematado con molduras figura de escalera hechas en taller  a base de tabla de pino de 3/4"" con 4cm de espesor x 4cm de ancho, zoclo boleado de tabla de pino de 3/4""  con 7cm de ancho, colocado con pistola neumática y clavos de 1-1/2"", Resistol 950 y pijas de 2"" en bastidores, resanado con resanador para madera de caoba marca Sayer Lack. Incluye Acabado en  tinta al alcohol Caoba ingles de la marca Sayer Lack y thinner americano sellado con sellador altos solidos. barniz cristal. Material, mano de obra, herramienta y TNCE. (M6)",
CAR23003,CAR-0003,Carpintería,CAR,SI,FIJO,,m2,700.0,"Suministro y colocación de forrado de columnas de 40x40cm  hecha a base de bastidor de madera de tabla de pino de 3/4"" de 3cm de ancho, peinazos @30cm, forrado con triplay de pino de 6mm de espesor, rematado con molduras figura de escalera hechas en taller  a base de tabla de pino de 3/4"" con 4cm de espesor x 4cm de ancho, zoclo boleado de tablade pino de 3/4""  con 7cm de ancho, colocado con pistola neumática y clavos de 1-1/2"", Resistol 950 y pijas de 2"" en bastidores, resanado con resanador para madera de caoba marca Sayer Lack. Incluye Acabado en  tinta al alcohol Caoba ingles de la marca Sayer Lack y thinner americano sellado con sellador altos solidos. barniz cristal. Material, mano de obra, herramienta y TNCE.",
CAR23004,CAR-0004,Carpintería,CAR,SI,FIJO,,m2,100.0,"Suministro y aplicacion de praimer blanco para fondear madera con color existente para tratamiento de marca posterior. Material, mano de obra, herramienta y TNCE.",
CAR23005,CAR-0005,Carpintería,CAR,SI,FIJO,,m2,500.0,"Suministro y colocación de forrado de escenario a base  de triplay de pino de 15mmde espesor, incluye broca-pija de 2"" para su fijación, refuerzos de tabla de pino de 3/4"" por 2"" de ancho si son necesarios, rematado con molduras figura de escalera hechas en taller  a base de tabla de pino de 3/4"" con 4cm de espesor x 4cm de ancho, zoclo boleado de tablade pino de 3/4"" con 7cm de ancho y puerta bajo escenario con pasador  estándar y resbalones. Material, mano de obra, herramienta y todo lo necesario para su correcta ejecución.",
CAR23006,CAR-0006,Carpintería,CAR,SI,FIJO,,ml,2980,"Suministro y colocacion de muebles modulos completos en BAÑO PB (integral y gavetas), zoclo, piso, alacena superior, módulos de cajones con entrepaños; fabricada por medio de Tablero MASISA/ARAUCO 16mm y 15mm respectivamente core MDPsegun diseño, puertas y vistas, interiores modelo Blanco. Incluye herrajes alemanes marca HAFELE: correderas de extension, bisagras bidimensionales 110º  y jaladeras. Se considera todo lo necesario para su correcta fabricación y colocación en sitio.",
CAR23007,CAR-0007,Carpintería,CAR,SI,FIJO,,ml,2980.0,"Suministro y colocacion de muebles modulos completos en BAÑO PA (integral y gavetas), zoclo, piso, módulos de cajones con entrepaños; fabricada por medio de Tablero MASISA/ARAUCO 16mm y 15mm respectivamente core MDPsegun diseño, puertas y vistas, interiores modelo Blanco. Incluye herrajes alemanes marca HAFELE: correderas de extension, bisagras bidimensionales 110º  y jaladeras. Se considera todo lo necesario para su correcta fabricación y colocación en sitio.",
CAR23008,CAR-0008,Carpintería,CAR,SI,FIJO,,ml,217.87,"Suministro y colocación de MOLDURA DE MADERA PARA VENTANAS DE FACHADA ya sea de 0.05m, 0.03m, 1/2"" o 3/4"" de espesor, hecha en taller a base de tabla de 3/4"" figura segun diseño, plana con cortes a 45° en las esquinas, Incluye: Acabado en tinta al alcohol de la marca Sayer Lack para interperie y thinner americano sellado con sellador altos solidos. barniz cristal colocadas con silicón, pistola neumática y calvo de 1-1/2"". Incluye material, mano de obra, herramienta y TNCE.",
CAR23009,CAR-0009,Carpintería,CAR,SI,FIJO,,ml,4730.0,"Suministro y colocacion de gavetas diseño  Perro Caffe; gavetas con fondos elavoradas con divisiones de Tablero MASISA / ARAUCO 16mm y 15mm respectivamente core MDP segun diseño, para puertas y vistas; Interiores  modelo Blanco Absoluto. Incluye herrajes alemanes marca HAFELE: correderas de extension, bisagras bidimensionales 110º  y jaladeras. Se considera todo lo necesario para su correcta fabricación y colocación en sitio.",
CAR23010,CAR-0010,Carpintería,CAR,SI,FIJO,,ml,5850.0,"Suministro y colocacion de muebles modulos completos bajo barra diseño Perro Caffe, zoclo, piso, alacena superior, 2 módulos de cajones con 3 cajones cada uno y entrepaños; fabricada por medio de Tablero MASISA/ARAUCO 16mm y 15mm respectivamente core MDPsegun diseño, puertas y vistas, interiores  modelo Blanco Absoluto. Incluye herrajes alemanes marca HAFELE: correderas de extension, bisagras bidimensionales 110º  y jaladeras. Se considera todo lo necesario para su correcta fabricación y colocación en sitio.",
CAR23011,CAR-0011,Carpintería,CAR,SI,FIJO,,ml,900.0,"Suministro y colocación de barandal de maderade 0.90m de alto, a base de verticales de balastro de pino de 0.07x0.07m @0.20m, torneado con doble copa; Pasamanos hecho en obra a base de taba de pino  de 0.10m de ancho x 1-1/2""; Base de verticales o pasamanos inferior  a base de tabla de pino de 3/4"" con moldura hecha en obra mediante router, figura pecho paloma en ambos cantos. Todo clavado con pistola neumática, clavos de 1-1/2"" Resistol 950 y pijas de 2"" en bastidores,  resanado con resanador para madera de caoba marca Sayer Lack. Incluye Acabado en  tinta al alcohol Caoba ingles de la marca Sayer Lack y thinner americano sellado con sellador altos solidos. barniz cristal. Material, mano de obra, herramienta y TNCE.",
CAR23012,CAR-0012,Carpintería,CAR,SI,FIJO,,ml,100.0,"Suministro y colocación de moldura de fachadas ya sea de 0.05m, 0.03m, 1/2"" o 3/4"" de espesor, hecha en taller a base de tabla de 3/4"" figura de escalera, pecho paloma o plana con cortes a 45° en las esquinas, Incluye pintura vinílica de la marca Comex Pro-1000 color verde militar o dorado según sea el caso. Colocadas con silicón, pistola neumática y calvo de 1-1/2"". Incluye material, mano de obra, herramienta y TNCE. (M18)",
CAR23013,CAR-0013,Carpintería,CAR,SI,FIJO,,ml,5000.0,"Suministro y colocación de barra y contrabarra a base de triplay de pino a una altura maxima de 1.20 m en barra y libre en contrabarra a partir de 3 metros, incluye bastidores, repisa escalonada exhibidor de botellas, repisas, rematado con coronas, molduras y zoclos, figura de escalera hechas en taller  a base de tabla de pino de 3/4"", espejo, puerta doble batiente de barra, mueble de caja con repisas, posa pies, columnas de madera y todos los accesorios y herrajes necesarios, resanado con resanador para madera de caoba marca Sayer Lack. Incluye Acabado en  tinta al alcohol Caoba ingles de la marca Sayer Lack y thinner americano sellado con sellador altos solidos. barniz cristal. Material, mano de obra, herramienta y TNCE.",
CAR23014,CAR-0014,Carpintería,CAR,SI,FIJO,,ml,100.0,"Suministro y colocación de moldura de fachadas para marco de letras corte de vinil de 0.03m de espesor, hecha en taller a base de tabla de 3/4"" figura de escalera, pecho paloma o plana con cortes a 45° en las esquinas, Incluye pintura vinílica de la marca Comex Pro-1000 color dorado según sea el caso,  sellada con barniz de 48 solidos de la marca Sayer Lack, fondo , catalizador y diluyente de la misma marca en proporción 5:5:3. Colocadas con silicón, pistola neumática y calvo de 1-1/2"". Incluye material, mano de obra, herramienta y TNCE. (M15)",
CAR23015,CAR-0015,Carpintería,CAR,SI,FIJO,,ml,300.0,"Suministro y forrado de herrería para  barra de escenario o de muro de 0.40m de ancho, largo variable según proyecto, a base de triplay de pino de 15mm, incluye guarnición de tabla de pino de 3/4"" con 0.06m de ancho en frente y costados. Colocado con pistola neumática y clavos de 1-1/2"", Resistol 950 y pijas de 2"" en bastidores, resanado con resanador para madera de caoba marca Sayer Lack. Incluye Acabado en  tinta al alcohol Caoba ingles de la marca Sayer Lack y thinner americano sellado con sellador altos solidos. barniz cristal. Material, mano de obra, herramienta y TNCE.",
CAR23016,CAR-0016,Carpintería,CAR,SI,FIJO,,Pza,334.0,Suministro y colocacion de melamina de 18/19mm de espesor marca Masisa.,
CAR23017,CAR-0017,Carpintería,CAR,SI,FIJO,,Pza,18560.0,"Suministro y colocacion de closets modulos completos en RECAMARAS, zoclo, piso, tubo perchero superior, módulos con cajones y entrepaños; fabricada por medio de Tablero MASISA/ARAUCO 16mm y 15mm respectivamente core MDPsegun diseño, puertas y vistas, interiores modelo. Incluye herrajes alemanes marca HAFELE: correderas de extension, bisagras bidimensionales 110º  y jaladeras. Se considera todo lo necesario para su correcta fabricación y colocación en sitio.",
CAR23018,CAR-0018,Carpintería,CAR,SI,FIJO,,Pza,3900.0,"Suministro y colocación de PUERTA PRINCIPAL hecha a base de bastidor de tabla de pino 3/4"" con 0.04m de ancho, peinazos @0.25m. Forrada con triplay de pino de 15mm de espesor por ambas caras, SEGUN DISEÑO. Incluye, bisagras mecánicas, chapetones de forja perimetrales de 2"" de diámetro @0.10m, jaladeras hechas de forja con placa de 0.20x0.20 y aro de redondo de 3/4"" con  0.15m de diámetro, cuatro chapetones en cada esquina de la placa. Un rosetón  de forja con figura de trébol, fijado con tornillos y doble chapa. pintado con esmalte color negro mate, pasadores arriba y abajo, doble cerradura pasador de marca philphs con 5 llaves. Colocado con pistola neumática y clavos de 1-1/2"", Resistol 950 y pijas de 2"" en bastidores, resanado con resanador para madera de nogal, marca Sayer Lack.  acabado de puerta en tinta al alcohol Caoba ingles de la marca Sayer Lack y thinner americano sellado con sellador altos solidos. barniz cristal. Material, mano de obra, herramienta y todo lo necesario para su correcta ejecución.",
CAR23019,CAR-0019,Carpintería,CAR,SI,FIJO,,Pza,2800.0,"Suministro y colocación de PUERTAS PARA BAÑOS Y RECAMARAS, segun diseño. Marco de tabla de pino de 3/4"" de 0.09m de ancho. Incluye: Chapa de baño con o sin pistillo según sea el caso, cierra puertas de la marca Yale o Philips, bisagras mecánica, Colocado todo con pistola neumática y clavos de 1-1/2"", Resistol 950 y pijas de 2"" en marcos, resanado con resanador para madera de marca Sayer Lack. Incluye Acabado en  tinta al alcohol marca Sayer Lack y thinner americano sellado con sellador altos solidos. barniz cristal. Material, mano de obra, herramienta y TNCE.",
CAR23020,CAR-0020,Carpintería,CAR,SI,FIJO,,Pza,2800.0,"Suministro y colocación de PUERTA PARA CUARTO DE LAVADO Y BODEGA, con marco de tabla de pino de 3/4"" ancho de 0.09m, triplay de pino de 15mm acabado liso, Incluye: Chapa de comunicación, bisagras mecánicas. Colocado con pistola neumática y clavos de 1-1/2"", Resistol 950 y pijas de 2"" en marcos, resanado con resanador para madera de marca Sayer Lack. Incluye Acabado en  tinta al alcohol marca Sayer Lack y thinner americano sellado con sellador altos solidos. barniz cristal. Material, mano de obra, herramienta y TNCE.",
CAR23021,CAR-0021,Carpintería,CAR,SI,FIJO,,Pza,3500.0,"Suministro y colocación de cabina de audio de 1.40x1.40m, hechas mediante bastidor de tabla de pino de 3/4"", triplay de 15mm rayado con ranuras de 3mm de espesor @0.10m; rematado con molduras figura de escalera hechas en taller  a base de tabla de pino de 3/4"" con 4cm de espesor x 4cm de ancho, zoclo boleado de tablade pino de 3/4""  con 7cm de ancho. Incluye un entrepaño de triplay de 15mm colocada a la figura del diseño y a media altura con bastidor de tabla de 3/4"" con guarnición frontal de tabla de 3/4"" y un ancho de 4cm. todo clavado con pistola neumática, clavos de 1-1/2"" Resistol 950 y pijas de 2"" en bastidores, sacabocados de 2"" para pasar cables, resanado con resanador para madera de caoba marca Sayer Lack. Incluye Acabado en  tinta al alcohol Caoba ingles de la marca Sayer Lack y thinner americano sellado con sellador altos solidos. barniz cristal. Material, mano de obra, herramienta y TNCE.",
CAR23022,CAR-0022,Carpintería,CAR,SI,FIJO,,Pza,500.0,"Suministro y colocación de mamparas divisorias para mingitorios de 1.80x0.40m a base de triplay de pino de 15mm de espesor acabado liso, con molduras perimetrales por ambos lados hechas en taller con router, escalera de de 1/2"" de ancho, figura pecho paloma y frentes de tabla de 3/4"", Incluye base para su montaje a base de tabla de 3/4"" por 0.15m de ancho y repisa para tarrps. Colocado con pistola neumática y clavos de 1-1/2"", Resistol 950 y pijas de 2"" en bastidores, taquetes mariposa,resanado con resanador para madera de caoba marca Sayer Lack. Incluye Acabado en  tinta al alcohol Caoba ingles de la marca Sayer Lack y thinner americano sellado con sellador altos solidos. barniz cristal. Material, mano de obra, herramienta y todo lo necesario para su correcta ejecución.",
CAR23023,CAR-0023,Carpintería,CAR,SI,FIJO,,Pza,1500.0,"Suministro y colocación de mamparas divisorias para sanitarios de 1.40x1.60 + pata de madera de pino de 0.40m de alto,  triplay de pino de 15mm de espesor acabado liso, con molduras perimetrales por ambos lados hechas en taller con router, escalera de de 1/2"" de ancho y una central para esconder unión de hojas de triplay, figura pecho paloma y frentes de tabla de 3/4"", Incluye base para su montaje a base de tabla de 3/4"" por 0.15m de ancho. Incluye gancho perchero.Colocado con pistola neumática y clavos de 1-1/2"", Resistol 950 y pijas de 2"" en bastidores, taquetes mariposa,  resanado con resanador para madera de caoba marca Sayer Lack. Incluye Acabado en  tinta al alcohol Caoba ingles de la marca Sayer Lack y thinner americano sellado con sellador altos solidos. barniz cristal. Material, mano de obra, herramienta y todo lo necesario para su correcta ejecución.",
CAR23024,CAR-0024,Carpintería,CAR,SI,FIJO,,Pza,1500.0,"Suministro y colocación de mamparas divisoria con puerta para sanitarios de 1.40x1.60 + pata de madera de pino de 0.40m de alto,  triplay de pino de 15mm de espesor acabado liso, con molduras perimetrales por ambos lados hechas en taller con router, escalera de de 1/2"" de ancho y una central para esconder unión de hojas de triplay, figura pecho paloma y frentes de tabla de 3/4"", Incluye base para su montaje a base de tabla de 3/4"" por 0.15m de ancho. Incluye gancho perchero y roseton de forja. Colocado con pistola neumática y clavos de 1-1/2"", Resistol 950 y pijas de 2"" en bastidores, taquetes mariposa,  resanado con resanador para madera de caoba marca Sayer Lack. Incluye Acabado en  tinta al alcohol Caoba ingles de la marca Sayer Lack y thinner americano sellado con sellador altos solidos. barniz cristal. Material, mano de obra, herramienta y todo lo necesario para su correcta ejecución.",
CAR23025,CAR-0025,Carpintería,CAR,SI,FIJO,,Pza,600.0,"Suministro y colocación de mueble de caja medidas 0.80m de alto por 0.40m de fondo por 0.50 de frente (medida estándar, variables según proyecto) a base de triplay de pino de 15mm, Incluye bastidor de tabla de pino de 3/4"", rieles para cajón, cajonera, herrajes, repisa para cajón de dinero. puerta, bisagras y resbalones.  Colocado con pistola neumática y clavos de 1-1/2"", Resistol 950 y pijas de 2"" en bastidores, resanado con resanador para madera de nogal, marca Sayer Lack. Incluye Acabado en  tinta al alcohol Caoba ingles de la marca Sayer Lack; tinta al alcohol Cherry de la marca Sayer Lack y thinner americano proporción 1:1:1 barnizado con sellador de 48 solidos. Material, mano de obra, herramienta y TNCE.",
CAR23026,CAR-0026,Carpintería,CAR,SI,FIJO,,Pza,2000.0,"Suministro y colocación de puerta de bodega para barra doble batiente a base de puerta prefabricada de home depot, con marco de madera de 0.09m de ancho, hecho en taller mediante tabla de  3/4"", Incluye bisagra de cocina doble acción, chapa de baño con pistillo y llave. Un rosetón de forja con figura de trébol fijado con tornillos pintado con esmalte color negro mate, acabado de puerta en tinta al alcohol Caoba ingles de la marca Sayer Lack y thinner americano sellado con sellador altos solidos. barniz cristal. Material, mano de obra, herramienta y todo lo necesario para su correcta ejecución.",
CAR23027,CAR-0027,Carpintería,CAR,SI,FIJO,,Pza,2500.0,"Suministro y colocación de puerta de cocina doble batiente a base de puerta prefabricada de home depot, con marco de madera de 0.09m de ancho, hecho en taller mediante tabla de  3/4"", Incluye bisagra de cocina doble acción, mirilla de 0.30m de diámetro, con marco de aluminio color dorado y cristal de 9mm con película de seguridad. Chapetones medios de aluminio de 0.20m de alto por 0.12m de ancho, chapetones bajos de 0.20m de ancho por el ancho de la puerta,  acabado de puerta en tinta al alcohol Caoba ingles de la marca Sayer Lack y thinner americano sellado con sellador altos solidos. barniz cristal. Material, mano de obra, herramienta y todo lo necesario para su correcta ejecución.",
CAR23028,CAR-0028,Carpintería,CAR,SI,FIJO,,Pza,3000.0,"Suministro y colocación de puerta doble principal hecha a base de bastidor de tabla de pino 3/4"" con 0.04m de ancho, peinazos @0.25m. Forrada con triplay de pino de 15mm de espesor por ambas caras, rayado por la cara frontal únicamente con ranuras de 3mm de espesor @0.10m. Incluye, bisagras mecánicas, chapetones de forja perimetrales de 2"" de diámetro @0.10m, jaladeras hechas de forja con placa de 0.20x0.20 y aro de redondo de 3/4"" con  0.15m de diámetro, cuatro chapetones en cada esquina de la placa. Un rosetón  de forja con figura de trébol, fijado con tornillos y doble chapa. pintado con esmalte color negro mate, pasadores arriba y abajo, doble cerradura pasador de marca philphs con 5 llaves. Colocado con pistola neumática y clavos de 1-1/2"", Resistol 950 y pijas de 2"" en bastidores, resanado con resanador para madera de nogal, marca Sayer Lack.  acabado de puerta en tinta al alcohol Caoba ingles de la marca Sayer Lack y thinner americano sellado con sellador altos solidos. barniz cristal. Material, mano de obra, herramienta y todo lo necesario para su correcta ejecución.",
CAR23029,CAR-0029,Carpintería,CAR,SI,FIJO,,Pza,1000.0,"Suministro y colocación de puertas bajo lavabos hechas con marco de tabla de pino de 3/4"" de 0.15m de ancho, triplay de pino de 15mm liso, incluye: bisagras mecánicas, jaladeras y resbalones. Colocado con pistola neumática y clavos de 1-1/2"", Resistol 950 y pijas de 2"" en marcos,resanado con resanador para madera de caoba marca Sayer Lack. Incluye Acabado en  tinta al alcohol Caoba ingles de la marca Sayer Lack y thinner americano sellado con sellador altos solidos. barniz cristal. Material, mano de obra, herramienta y TNCE.",
CAR23030,CAR-0030,Carpintería,CAR,SI,FIJO,,Pza,2000.0,"Suministro y colocación de puerta de bodega de químicos, con marco de tabla de pino de 3/4"" ancho de 0.09m, triplay de pino de 15mm acabado liso, Incluye: Un rosetón por puerta a base de forja con figura de trébol fijado con tornillos pintado con esmalte color negro mate. Chapa de comunicación, bisagras mecánicas. Colocado con pistola neumática y clavos de 1-1/2"", Resistol 950 y pijas de 2"" en marcos,resanado con resanador para madera de caoba marca Sayer Lack. Incluye Acabado en  tinta al alcohol Caoba ingles de la marca Sayer Lack y thinner americano sellado con sellador altos solidos. barniz cristal. Material, mano de obra, herramienta y TNCE.",
CAR23031,CAR-0031,Carpintería,CAR,SI,FIJO,,Pza,1500.0,"Suministro y colocación de puertacon mampara para sanitarios, hecha a medida según proyecto, a base de triplay de pino de 15mm, marcos de 0.09m de ancho mediante  tabla de pino de 3/4"", Incluye pasador estándar, un rosetón de forja con figura de trébol pintado con esmalte color negro mate, bisagras, jaladeras de aluminio negro por ambos lados. Colocado todo con pistola neumática y clavos de 1-1/2"", Resistol 950 y pijas de 2"" en marcos, taquetes mariposa,resanado con resanador para madera de caoba marca Sayer Lack. Incluye Acabado en  tinta al alcohol Caoba ingles de la marca Sayer Lack y thinner americano sellado con sellador altos solidos. barniz cristal. Material, mano de obra, herramienta y TNCE.",
CAR23032,CAR-0032,Carpintería,CAR,SI,FIJO,,Pza,2000.0,"Suministro y colocación de puerta de acceso a sanitario, a base de puerta prefabricada de home depot. Marco de tabla de pino de 3/4"" de 0.09m de ancho. Incluye: Chapa de baño sin pistillo, cierra puertas de la marca Yale o Philips. Rosetón de forja con figura de trébol pintado con esmalte color negro mate, bisagras mecánicas. Colocado todo con pistola neumática y clavos de 1-1/2"", Resistol 950 y pijas de 2"" en marcos,resanado con resanador para madera de caoba marca Sayer Lack. Incluye Acabado en  tinta al alcohol Caoba ingles de la marca Sayer Lack y thinner americano sellado con sellador altos solidos. barniz cristal. Material, mano de obra, herramienta y TNCE.",
CAR23033,CAR-0033,Carpintería,CAR,SI,FIJO,,Pza,2000.0,"Suministro y colocación de puertas generales, a  base de puerta prefabricada de home depot. Marco de tabla de pino de 3/4"" de 0.09m de ancho. Incluye: Chapa de baño con o sin pistillo según sea el caso, cierra puertas de la marca Yale o Philips. Rosetón de forja con figura de trébol pintado con esmalte color negro mate, bisagras mecánica, Colocado todo con pistola neumática y clavos de 1-1/2"", Resistol 950 y pijas de 2"" en marcos, resanado con resanador para madera de caoba marca Sayer Lack. Incluye Acabado en  tinta al alcohol Caoba ingles de la marca Sayer Lack y thinner americano sellado con sellador altos solidos. barniz cristal. Material, mano de obra, herramienta y TNCE.",
CAR23034,CAR-0034,Carpintería,CAR,SI,FIJO,,Pza,120.0,"Suministro y colocación de repisa para maquillaje de entre 15 y 20cm de ancho (largo variable según proyecto), a base de triplay de pino de 15mm con doble guarnición de 4cm de ancho (frente y fondo) mediante tabla de 3/4"" . Incluye: Pijas y taquetes mariposa de 2"" para su colocación, clavo de 1-1/2"" colocado con pistola neumática, Resistol 950. resanado con resanador para madera de caoba marca Sayer Lack. Incluye Acabado en  tinta al alcohol Caoba ingles de la marca Sayer Lack y thinner americano sellado con sellador altos solidos. barniz cristal. Material, mano de obra, herramienta y TNCE.",
CAR23035,CAR-0035,Carpintería,CAR,SI,FIJO,,Pza,50.0,"Suministro y colocación de repisa para maquillaje de entre 12 a 15cm de ancho (largo variable según proyecto), a base de triplay de pino de 15mm con doble guarnición de 4cm de ancho (frente y fondo) mediante tabla de 3/4"" . Incluye: Pijas y taquetes mariposa de 2"" para su colocación, clavo de 1-1/2"" colocado con pistola neumática, Resistol 950. resanado con resanador para madera de caoba marca Sayer Lack. Incluye Acabado en  tinta al alcohol Caoba ingles de la marca Sayer Lack y thinner americano sellado con sellador altos solidos. barniz cristal. Material, mano de obra, herramienta y TNCE.",
CAR23036,CAR-0036,Carpintería,CAR,SI,FIJO,,Pza,50.0,"Suministro y colocación de repisa de decoración  de 0.60x0.20m ó 0.80x0.20m de triplay de pino de 15mm, incluye: Guarnición trasera a base de tabla de pino de 3/4"" de 6cm de ancho para su fijación. Guarnición frontal de 0.03m de frente por 0.02m de fondo a base de tabla de pino de 3/4"". Doble Ménsula de tabla de pino de 3/4"" con frente de pecho paloma y 0.20m de alto. Pijas y taquetes mariposa de 2"" para su colocación, clavo de 1-1/2"" colocado con pistola neumática, Resistol 950. resanado con resanador para madera de caoba marca Sayer Lack. Incluye Acabado en  tinta al alcohol Caoba ingles de la marca Sayer Lack y thinner americano sellado con sellador altos solidos. barniz cristal. Material, mano de obra, herramienta y TNCE.",
CAR23037,CAR-0037,Carpintería,CAR,SI,FIJO,,Pza,1500.0,"Suministro y forrado de vitrinas según diseño de plano con bastidor a base de tabla de3/4"" de 0.02m de ancho, forrada con triplay de pino de 6mm, molduras de anchos varios, molduras cornisas de 0.04x0.04m. No incluye vitrinas que simulan cajones.  Incluye: Pijas y taquetes mariposa de 2"" para su colocación, clavo de 1-1/2"" colocado con pistola neumática, Resistol 950. resanado con resanador para madera de caoba marca Sayer Lack. Incluye Acabado en  tinta al alcohol Caoba ingles de la marca Sayer Lack y thinner americano sellado con sellador altos solidos. barniz cristal. Material, mano de obra, herramienta y TNCE.",
CAR23042,CAR-0038,Carpintería,CAR,SI,FIJO,,pza,3650.0,"Suministro y colocación de puerta interior de tambor a base de bastidor de madera de pino estufado, cubierta con triplay de caobilla, medidas 0.70 x 2.10 m. Marco de tabla de pino de 3/4"" de 0.09 m de ancho. Incluye: bisagras mecánicas, chapa tipo pomo marca Phillips, clavos de 1-1/2"" colocados con pistola neumática, pijas de 2"" en marcos, adhesivo Resistol 950, resanado con pasta Sayer Lack tono caoba, tinta al alcohol caoba inglés, sellador de altos sólidos y barniz cristal. Incluye herramienta menor, materiales, mano de obra y TNCE.",
CAR23038,CAR-0039,Carpintería,CAR,SI,FIJO,,pza,3450.0,"Suministro y colocación de puerta exterior de tambor tratada para intemperie, medidas 0.80 x 2.10 m, sellada con barniz marino y reforzada con marco de pino. Incluye: bisagras inoxidables, chapa de seguridad Yale, clavos, adhesivo, sellador poliuretano, fijaciones. Acabado en tinta color nogal con barniz de alta resistencia. Incluye herramienta menor, materiales, mano de obra y TNCE.",
CAR23043,CAR-0040,Carpintería,CAR,SI,FIJO,,lote,5900.0,"Suministro y colocación de módulo bajo de cocina en MDF laminado, con gavetas y puertas abatibles, jaladeras metálicas, divisiones internas, zoclo de PVC, herrajes y correderas telescópicas. Fijación con tornillos ocultos y adhesivo industrial. Incluye herramienta, materiales, mano de obra y TNCE.",
CAR23039,CAR-0041,Carpintería,CAR,SI,FIJO,,lote,4600.0,"Suministro y colocación de mueble superior de cocina en MDF laminado, con puertas abatibles, bisagras de cierre suave, repisas interiores y jaladeras metálicas. Fijado con taquetes expansivos a muro. Incluye herramienta menor, materiales, mano de obra y TNCE.",
CAR23041,CAR-0042,Carpintería,CAR,SI,FIJO,,lote,7900.0,"Suministro y colocación de mueble modular para sala con espacio para TV, repisas, librero y módulos cerrados, fabricado en MDF laminado acabado roble oscuro. Incluye fijaciones ocultas, cinta de PVC, herrajes de cierre suave, tornillería negra. Montado sobre muro con soporte invisible. Incluye herramienta, materiales y TNCE.",
CAR23050,CAR-0043,Carpintería,CAR,SI,FIJO,,lote,4850.0,"Suministro y colocación de escritorio flotante y entablado en recámara, en MDF laminado acabado roble, con fijaciones metálicas ocultas, cinta de PVC, nivelado y limpieza de área. Incluye herramienta, materiales, mano de obra y TNCE.",
CAR23052,CAR-0044,Carpintería,CAR,SI,FIJO,,pza,1350.0,"Colocación de puertas para mueble bajo ovalín de baño, fabricadas en MDF laminado color claro, bastidor delgado, bisagras metálicas, fijación interna invisible, adhesivo y herrajes. Incluye herramienta menor, materiales, mano de obra y TNCE.",
CIM-0001,CIM-0001,Cimentaciones,CIM,SI,FIJO,,ml,666.0,"Suministro y colocación de cimentación de concreto reforzado, calculada para soportar muros de block hueco de hasta 4 metros de altura y una cubierta ligera de lámina de acero sobre estructura de acero, apta únicamente para construcciones de planta baja. El proceso inicia con la excavación a la profundidad y ancho especificados en el proyecto. Posteriormente, se prepara el lecho de la excavación, compactando y nivelando el terreno. Se procede con la colocación de la cimbra de madera, previamente habilitada con las dimensiones y formas requeridas, asegurando su correcta alineación y nivelación. Se coloca el acero de refuerzo, cortado y doblado según los planos estructurales, amarrándolo con alambre recocido para formar la armadura. Se verifica la correcta disposición del acero, asegurando el recubrimiento adecuado. Se realiza el colado del concreto premezclado, dosificado con la resistencia especificada en el proyecto, vibrándolo para eliminar burbujas de aire y asegurar su correcta compactación. Una vez fraguado el concreto, se retira la cimbra. Se cura el concreto manteniendo la superficie húmeda durante el tiempo especificado para garantizar su resistencia. Se realiza el relleno compactado de los laterales de la cimentación con material producto de la excavación, en capas no mayores a 20 cm, hasta alcanzar el nivel de desplante.

Incluye: mano de obra, herramienta menor, materiales, acarreos, y todo lo necesario para su correcta ejecución.",
CIM04001,CIM-0002,Cimentaciones,CIM,SI,FIJO,,m2,112.0,"Plantilla de concreto pobre resistencia normal f'c=100 kg/cm², de 5 cm de espesor. Incluye: preparación del fondo de excavación (nivelación, eliminación de material suelto), compactación manual o mecánica, y colado de concreto pobre. Materiales, mano de obra, herramientas y todo lo necesario para su correcta ejecución.",
CIM04002,CIM-0003,Cimentaciones,CIM,SI,FIJO,,m3,2693.33,"Suministro y colocación de concreto hidráulico fraguado normal, resistencia f'c=150 kg/cm2, elaborado en obra, para cadenas, castillos, cejas y repisones",
CIM04003,CIM-0004,Cimentaciones,CIM,SI,FIJO,,m3,2853.21,"Suministro y colocación de concreto hidráulico fraguado normal, resistencia f'c=200 kg/cm2, elaborado en obra, para cadenas, castillos, cejas y repisones",
CIM04004,CIM-0005,Cimentaciones,CIM,SI,FIJO,,m3,2678.02,"Suministro y colocación de concreto hidráulico fraguado normal, resistencia f`c=200kg/cm2, elaborado en obra, para elementos de cimentación (zapatas, dados, trabes de liga, contra trabes)",
CIM04005,CIM-0006,Cimentaciones,CIM,SI,FIJO,,m3,1172.5,"Cimentación de mampostería de piedra de alta calidad hasta 80cm de altura con base 80cm y corona de 30cm, con piedras de dimensiones entre 20 y 30 cm, asentadas con mortero cemento-arena en proporción 1:5 (una parte de cemento CPC 30R y cinco partes de arena de río limpia), con un espesor de junta no mayor a 2 cm. Incluye: suministro de piedra braza seleccionada, cemento marca, arena de río lavada, mano de obra, herramientas manuales, equipo de seguridad para el personal y todo lo necesario para su correcta ejecución.",
CIM04006,CIM-0007,Cimentaciones,CIM,SI,FIJO,,Pza,2152.0,"Castillo estructural de concreto f'c=150 kg/cm², armado con 4 varillas de 3/8"" y estribos de alambrón de 1/4"" @ 12 cm. Altura estándar de 2.7 m. Incluye: habilitado de acero, cimbrado, colado, vibrado y curado. Materiales (concreto, varillas, alambrón), mano de obra, herramientas y todo lo necesario para su correcta ejecución.",
CIM04007,CIM-0008,Cimentaciones,CIM,SI,FIJO,,Pza,3713.01,"Zapata aislada cuadrada, en terreno tipo II de concreto 250 kg/cm2 agregado de 20 mm, cemento normal revenimiento 8 a 10 cm, sección de 1.20 x 1.20 mts, peralte de 0.30 mts, armado de varilla. 2 parr 3/8@10cm",
CIM04008,CIM-0009,Cimentaciones,CIM,SI,FIJO,,Pza,1014.2,"Suministro y construcción de dado de concreto d-1 de aproximadamente 40x40 cm, f c = 250 kg/cm2 normal , de 1.20 m de acuerdo a lo especificado en plano estructural, agregado 3/4"" armado con 6 varillas del no 4 y estribos del no 3 a 20 cm, el precio unitario incluye : trazo y nivelación, materiales, mano de obra, herramienta, equipo, cimbra común, descimbrado, picado, anclajes, andamios, retiro de material sobrante fuera de la obra, limpieza del área de trabajo y todo lo necesario para la correcta ejecución.",
CNL15001,CNL-0001,Cancelería y Aluminio,CNL,SI,FIJO,,Lote,4800.0,"Suministro y colocacion de canceles para regaderas de baño, con perfil de aluminio y panel de policarbonato.",
CNL15002,CNL-0002,Cancelería y Aluminio,CNL,SI,FIJO,,m2,2200.0,"Suministro y colocación de canceleria de 6 mm con marcos de aluminio en color negro, incluye pelicula de seguridad v2",
CNL15003,CNL-0003,Cancelería y Aluminio,CNL,SI,FIJO,,m2,2000.0,"Suministro y colocación de canceleria de 6 mm con marcos de aluminio en color negro, incluye pelicula de seguridad",
CNL15004,CNL-0004,Cancelería y Aluminio,CNL,SI,FIJO,,m2,2800.0,Suministro y colocacion fijo de cristal templado,
CNL15005,CNL-0005,Cancelería y Aluminio,CNL,SI,FIJO,,Pza,11520.0,Puertas de cristal templado de 9mm con diseño reticular de aluminio color negro,
CNL15006,CNL-0006,Cancelería y Aluminio,CNL,SI,FIJO,,pza,4760.0,"Cancel corredizo para regadera, 1.80 × 1.30 aluminio negro y cristal crudo 5 mm. Suministro y colocación de cancel para regadera tipo corredizo, fabricado en aluminio color negro línea ligera, con hojas móviles y fijas, bastidor completo y jaladera tipo barra. Cristal crudo claro de 5 mm templado o flotado. Incluye herramienta menor, herrajes, fijaciones, mano de obra, sellado, limpieza del área y todo lo necesario para su correcta ejecución.",
CNL15007,CNL-0007,Cancelería y Aluminio,CNL,SI,FIJO,,pza,6770.0,"Ventana corrediza 1.90 × 1.10 m, aluminio negro y cristal 5 mm. Fabricación y colocación de ventana corrediza de 2 hojas en aluminio negro línea nacional, con bastidor perimetral y cristal crudo de 5 mm. Sistema corredizo con felpas, jaladeras y topes. Incluye herramienta menor, materiales, mano de obra y todo lo necesario para su correcta ejecución.",
CNL15008,CNL-0008,Cancelería y Aluminio,CNL,SI,FIJO,,pza,2800.0,"Fabricación y colocación de ventana mixta para cocina, con parte superior fija y parte inferior con una hoja corrediza y una fija. Bastidor completo en aluminio negro línea nacional y cristal crudo de 5 mm. Incluye felpas, jaladeras, herrajes, herramienta menor, mano de obra y todo lo necesario para su correcta ejecución.",
CNL15009,CNL-0009,Cancelería y Aluminio,CNL,SI,FIJO,,pza,6412.0,"Ventanal fijo de piso a techo 1.90 × 1.90 m, aluminio negro y cristal 5 mm. Suministro e instalación de ventanal fijo con bastidor de aluminio negro línea 3"", con cristal crudo claro de 5 mm. Montado a plomo y nivelado, con sellos de silicón negro y sujeción interior oculta. Incluye herramienta menor, mano de obra, materiales y limpieza del área de trabajo.",
CNL15010,CNL-0010,Cancelería y Aluminio,CNL,SI,FIJO,,pza,3684.0,"Domo fijo de acrílico blanco 6 mm en bastidor de aluminio negro. Suministro e instalación de domo fijo rectangular, con bastidor de aluminio negro línea ligera, y cubierta de acrílico blanco lechoso de 6 mm. Fijado con tornillería inoxidable y sellado perimetral con silicón. Incluye herramienta menor, materiales, mano de obra y todo lo necesario para su correcta ejecución.",
DEM05001,DEM-0001,Demoliciones,DEM,SI,FIJO,,Lote,4900.0,"Lote de ranuras para reubicaciones nuevas de instalaciones hidro sanitarias y eléctricas. Incluye herramienta, mano de obra, material perfilado y todo necesario para su correcta ejecución",
DEM05002,DEM-0002,Demoliciones,DEM,SI,FIJO,,ml,180.0,"Demolición a mano de cadena 20 x 20 hasta a una altura de 6 mts incluye herramienta, mano de obra, acarreo hasta a una distancia de 20 mts lineales",
DEM05003,DEM-0003,Demoliciones,DEM,SI,FIJO,,m2,174.72,"Demolición a mano de muro de block de 20 cms de espesor con o sin aplanados hasta una altura de 6 mts de alto incluye; herramienta, mano de obra, acarreo de escombro a una distancia hasta de 20 mts lineales.",
DEM05004,DEM-0004,Demoliciones,DEM,SI,FIJO,,m2,344.9,"Demolición a mano de muro de block de 50 cms de espesor con o sin aplanados hasta una altura de 6 mts de alto incluye; herramienta, mano de obra, acarreo de escombro a una distancia hasta de 20 mts lineales.",
DEM05005,DEM-0005,Demoliciones,DEM,SI,FIJO,,m2,73.74,"DEMOLICIÓN DE LOSA DE CONCRETO ARTESONADO DE 30 CM DE ESPESOR FORMADO POR CASETONES LIGEROS, NERVADURAS, TRABES, CAPITELES Y UNA CAPA DE COMPRESIÓN DE CONCRETO INCL. ACARREO DE ESCOMBRO TIRO AUTORIZADO DENTRO DE LA OBRA.",
DEM05006,DEM-0006,Demoliciones,DEM,SI,FIJO,,m2,185.36,"Demolición de losa maciza a mano incluye; mano de obra, herramienta, andamios,",
DEM05007,DEM-0007,Demoliciones,DEM,SI,FIJO,,m2,145.7,Demolición de escalera,
DEM05008,DEM-0008,Demoliciones,DEM,SI,FIJO,,m2,148.75,Demolición de muro de concreto,
DEM05009,DEM-0009,Demoliciones,DEM,SI,FIJO,,m2,85.0,"Demolición a mano de muro de block de 20 cms de espesor con o sin aplanados hasta una altura de 6 mts de alto incluye; herramienta, mano de obra, acarreo de escombro a una distancia hasta de 20 mts lineales. v2",
DEM05010,DEM-0010,Demoliciones,DEM,SI,FIJO,,m2,185.36,"Demolición de losa maciza a mano incluye; mano de obra, herramienta, andamios, v2",
DEM05011,DEM-0011,Demoliciones,DEM,SI,FIJO,,m3,428.94,Demolición por medios manuales de mampostería común,
DEM05012,DEM-0012,Demoliciones,DEM,SI,FIJO,,Pza,328.4,Cancelación de circuitos de alarmas existentes,
DIS07001,DIS-0001,Desmantelaciones,DIS,SI,FIJO,,m2,80.0,"Desmantelamiento de techumbre de làmina, sin recuperacion. Incluye: herramienta, mano de obra y todo lo
necesario para su correcta ejecución. v2",
DIS07002,DIS-0002,Desmantelaciones,DIS,SI,FIJO,,m2,37.1,"Desmantelamiento de piso/muro de mosaico de   pasta o loseta en superficies completas   (material no recuperable). Inc. Picado del mortero/pegazulejo, acarreo y junta de material producto del picado,   m. De obra y hta. No incluye desalojo fuera de obra",
DIS07003,DIS-0003,Desmantelaciones,DIS,SI,FIJO,,m2,46.4,"Desmantelamiento de cristales perimetrales, con recuperación, incluye; mano de obra, herramienta, acarreo de material",
DIS07004,DIS-0004,Desmantelaciones,DIS,SI,FIJO,,m2,25.663,"Desmantelamiento de instalaciones eléctricas, lámparas, cableado, contactos, chalupas, tubería y herrajes en general. Incluye: andamiaje, herramientas, equipo, mano de obra y todo lo necesario para su correcta ejecución.",
DIS07005,DIS-0005,Desmantelaciones,DIS,SI,FIJO,,m2,131.92,"Demolición de muros de tabla roca de 10 cm de espesor, incluye, desmontaje de estructura metálica de fijación, (postes, canales, etc.) acarreo del material producto de la demolición hasta 10 mts (no incluye desalojo fuera de la obra)",
DIS07006,DIS-0006,Desmantelaciones,DIS,SI,FIJO,,m2,225.5,Desmantelamiento y demolición de Templetes,
DIS07007,DIS-0007,Desmantelaciones,DIS,SI,FIJO,,m2,38.0,"Desmantelamiento de techumbre de làmina, sin recuperacion. Incluye: herramienta, mano de obra y todo lo
necesario para su correcta ejecución.",
DIS07008,DIS-0008,Desmantelaciones,DIS,SI,FIJO,,m3,30.9,"Desmantelamiento de plafon de tablaroca incluye andamiaje, herramienta, equipo y mano de obra. No incluye lijado de superficie.d en area de oficinas",
DIS07009,DIS-0009,Desmantelaciones,DIS,SI,FIJO,,m3,120.3,Desmantelamiento de alfombra y bajo alfombra,
DIS07010,DIS-0010,Desmantelaciones,DIS,SI,FIJO,,Pza,137.9,Desmantelamiento de puertas de madera,
DIS07011,DIS-0011,Desmantelaciones,DIS,SI,FIJO,,Pza,35.74,"Desmontaje de  fijos de cancelería y cristal de 9mm, hasta 3.50m de altura, incluye: herramienta menor, andamios y equipo de seguridad",
DIS07012,DIS-0012,Desmantelaciones,DIS,SI,FIJO,,lote,1800.0,"Desmantelamiento de estructuras ligeras existentes, como techos de lámina, rejas, lavaderos o portones. Incluye herramienta menor, mano de obra, escaleras (si aplica), y todo lo necesario para su correcta ejecución.",
DIS07013,DIS-0013,Desmantelaciones,DIS,SI,FIJO,,Lote,650.0,"Desmantelamiento manual de instalaciones eléctricas visibles, como canaletas, luminarias, apagadores, contactos y tuberías expuestas, dentro de inmueble existente. Incluye herramienta menor, mano de obra, escaleras (si aplica), y todo lo necesario para su correcta ejecución.",
DIS07014,DIS-0014,Desmantelaciones,DIS,SI,FIJO,,m2,74.0,"Desmantelamiento manual de aplanados en muros interiores o exteriores, sin afectar la estructura base (block, tabique, concreto, etc.), para permitir trabajos posteriores de corrección, rehabilitación o acabados. Incluye herramienta menor, mano de obra, escaleras o andamios (si aplica), y todo lo necesario para su correcta ejecución.",
DIS07015,DIS-0015,Desmantelaciones,DIS,SI,FIJO,,Pieza,210.0,"Desmantelamiento manual de cancelería o carpintería metálica o de aluminio existente (puertas, ventanas, celosías o divisiones fijas). Incluye corte, liberación de anclajes, retiro cuidadoso de elementos y limpieza del área intervenida.
Incluye herramienta menor, mano de obra, escaleras (si aplica), y todo lo necesario para su correcta ejecución.",
ELE12001,ELE-0001,Instalaciones Eléctricas,ELE,SI,FIJO,,Circ,125.0,Instalacion de circuitos (MANO DE OBRA),
ELE12002,ELE-0002,Instalaciones Eléctricas,ELE,SI,FIJO,,Lote,2550.0,Instalacion de centro de carga General (MANO DE OBRA),
ELE12003,ELE-0003,Instalaciones Eléctricas,ELE,SI,FIJO,,Lote,30000.0,"Lote de material electrico en baja tension, incluye  centros de carga, monitories, disyuntores, tuberia conduit, abrazaderas, cable, cajas, herrajes, armaflex, licuatite, pastillas, tornillos, cinta de aislar y demas miscelaneos.",
ELE12004,ELE-0004,Instalaciones Eléctricas,ELE,SI,FIJO,,Lote,9800.0,"Tablero de conexion provisional para obra, posterior contrato residencial, Incluye tablero, pastilla de proteccion, cable uso rudo, rack de contactos, cable de alimentacion, tramite y contrato provisional para obra.",
ELE12005,ELE-0005,Instalaciones Eléctricas,ELE,SI,FIJO,,Lote,150000.0,"Lote de material electrico en baja tension, incluye  centros de carga, monitories, disyuntores, tuberia conduit, abrazaderas, cable, cajas, herrajes, armaflex, licuatite, pastillas, lamparas, focos, tornillos, cinta de aislar y demas miscelaneos.",
ELE12006,ELE-0006,Instalaciones Eléctricas,ELE,SI,FIJO,,Lote,300000.0,Lote de material electrico en media y alta tension y transformador de 45kvas,
ELE12007,ELE-0007,Instalaciones Eléctricas,ELE,SI,FIJO,,ml,80.0,Colocacion de tira led,
ELE12008,ELE-0008,Instalaciones Eléctricas,ELE,SI,FIJO,,ml,873.5,Suministro y Colocacion de Cable de acometida 3x1/0+1x2+1x6desnudo,
ELE12009,ELE-0009,Instalaciones Eléctricas,ELE,SI,FIJO,,ml,105.0,Suministro y Colocacion de Cable de acometida 3x1/0+1x2+1x6desnudo incluye varilla de cobre para tierra fisica y montaje de medidor con conexion. (MATERIAL Y MANO DE OBRA PARA CABLE DESDE MEDIDOR HASTA TABLERO),
ELE12010,ELE-0010,Instalaciones Eléctricas,ELE,SI,FIJO,,montaje,110.0,Colocacion de lamparas(MANO DE OBRA),
ELE12011,ELE-0011,Instalaciones Eléctricas,ELE,SI,FIJO,,Pza,98.0,PANEL DOWN LIGHT BLANCO LED INTEGRADO 3000K15W 1050,
ELE12012,ELE-0012,Instalaciones Eléctricas,ELE,SI,FIJO,,Pza,750.0,Suministro de lampara colgante candil negro industrial para comedor,
ELE12013,ELE-0013,Instalaciones Eléctricas,ELE,SI,FIJO,,Pza,76.0,"Suministro de foco filamento led 40 W dimeable vintage, para lampara colgante comedor.",
ELE12014,ELE-0014,Instalaciones Eléctricas,ELE,NO,FIJO,,Pza,65.0,"Suministro de foco para canope bellagio modelo GU10 de led Marca ADESI, 7w","BAJA · descripción repetida, mismo precio · clave activa: ELE-0068"
ELE12015,ELE-0015,Instalaciones Eléctricas,ELE,SI,FIJO,,Pza,245.0,Suministro de canope bellagio color negro modelo YSN368-B Mca Tecnolite para buro y baños,
ELE12016,ELE-0016,Instalaciones Eléctricas,ELE,SI,FIJO,,Pza,600.0,"Suministro de pantalla MIMBRE para lampara colgante de comedor y barra , 20W T",
ELE12017,ELE-0017,Instalaciones Eléctricas,ELE,SI,FIJO,,Pza,2800.0,"Suministro de lampara decorativa para muro en escalera, incluye foco",
ELE12018,ELE-0018,Instalaciones Eléctricas,ELE,SI,FIJO,,Pza,450.0,Suministro de tira led para retroiluminar gavetas en cocina y gavetas cuarto de lavado,
ELE12019,ELE-0019,Instalaciones Eléctricas,ELE,SI,FIJO,,Pza,160.0,"Contactos duplex con fallo a tierra. incluye contactos, apagadores, ventana y chasis.",
ELE12020,ELE-0020,Instalaciones Eléctricas,ELE,SI,FIJO,,Pza,480.0,Conexion para hidroneumatico(MANO DE OBRA),
ELE12021,ELE-0021,Instalaciones Eléctricas,ELE,SI,FIJO,,Pza,170.0,"Foco filamento led 40 W dimeable, para CANDILLES interior entrada E12",
ELE12022,ELE-0022,Instalaciones Eléctricas,ELE,SI,FIJO,,Pza,182.94,"Canope bellagio color negro modelo YSN368-B Mca Tecnolite, no incluye foco (L7)",
ELE12023,ELE-0023,Instalaciones Eléctricas,ELE,SI,FIJO,,Pza,99.14,"Foco para canope bellagio modelo GU10 de led Marca ADESI, 7w (L7)",
ELE12024,ELE-0024,Instalaciones Eléctricas,ELE,SI,FIJO,,Pza,269.13,Farol para exterior de McCarthy`s color negro modelo FTL-6002 Mca Tecnolite. No incluye foco  (L4),
ELE12025,ELE-0025,Instalaciones Eléctricas,ELE,SI,FIJO,,Pza,171.56,"Foco filamento led st64 e27 dimeable, para luminarias de interior entrada E27 (L4)",
ELE12026,ELE-0026,Instalaciones Eléctricas,ELE,SI,FIJO,,Pza,837.0,"Lampara colgante Perseus, 20W Terminado en cristal ambar Tecnolite, no incluye foco.",
ELE12027,ELE-0027,Instalaciones Eléctricas,ELE,SI,FIJO,,Pza,89.9,"Spot para plafon modelo YD-525/S AUGUSTA 50 w, Mca TECNOLITE, no incluye foco. (L5)",
ELE12028,ELE-0028,Instalaciones Eléctricas,ELE,SI,FIJO,,Pza,39.58,Foco para spot de plafon MR16 50w (L5),
ELE12029,ELE-0029,Instalaciones Eléctricas,ELE,SI,FIJO,,Pza,678.25,"Tira led para barra y contrabarra de 5.00 m, dimmeable 8w por metro lineal. (L9)",
ELE12030,ELE-0030,Instalaciones Eléctricas,ELE,SI,FIJO,,Pza,210.37,"Lampara de emergencia de led modelo 51268, 6w, Mca PHILCO (LE)",
ELE12031,ELE-0031,Instalaciones Eléctricas,ELE,SI,FIJO,,Pza,1464.51,"Serie para terraza, de 15.85 m, base E27, Mca TECNOLITE, incluye focos. (L12)",
ELE12032,ELE-0032,Instalaciones Eléctricas,ELE,SI,FIJO,,Pza,1005.19,"Luminaria para bodegas de gabinete para area de servicio modelo SYLPROOF led 40w, no incluye tubos de led (L8)",
ELE12033,ELE-0033,Instalaciones Eléctricas,ELE,SI,FIJO,,Pza,325.04,LAMPARA OBSTRUCCION BLANCA LE-503 CON REJILLA (L6),
ELE12034,ELE-0034,Instalaciones Eléctricas,ELE,SI,FIJO,,Pza,250.8,SENSOR MOVIMIENTO 360º SOBREPONER/TRIPLESENSOR INFRARROJO TECNOLITE APLICACIONES,
ELE12035,ELE-0035,Instalaciones Eléctricas,ELE,SI,FIJO,,Pza,1611.21,Extractor para baño ESTEVEZ SKU#301970 MODELO:1910,
ELE12036,ELE-0036,Instalaciones Eléctricas,ELE,SI,FIJO,,Pza,260.0,"Instalacion de salidas para  contactos , lamparas,  salidas de audio, video, extractores.",
ELE12037,ELE-0037,Instalaciones Eléctricas,ELE,SI,FIJO,,Pza,1505.0,Instalacion de centro de carga para iluminacion y contactos,
ELE12038,ELE-0038,Instalaciones Eléctricas,ELE,SI,FIJO,,Pza,1505.0,Instalacion de centro de carga para climas,
ELE12039,ELE-0039,Instalaciones Eléctricas,ELE,SI,FIJO,,Pza,1505.0,Instalacion de centro de carga para barra,
ELE12040,ELE-0040,Instalaciones Eléctricas,ELE,SI,FIJO,,Pza,1505.0,Instalacion de centro de carga para audio y video,
ELE12041,ELE-0041,Instalaciones Eléctricas,ELE,SI,FIJO,,Pza,1505.0,Instalacion de centro de cargas para cocina,
ELE12042,ELE-0042,Instalaciones Eléctricas,ELE,SI,FIJO,,Pza,260.0,Instalacion de circuitos,
ELE12043,ELE-0043,Instalaciones Eléctricas,ELE,SI,FIJO,,Pza,80.0,Colocacion de lamparas,
ELE12044,ELE-0044,Instalaciones Eléctricas,ELE,SI,FIJO,,Pza,250.0,Colocacion de candiles,
ELE12045,ELE-0045,Instalaciones Eléctricas,ELE,SI,FIJO,,Pza,320.0,Salida para extractores de baños  e instalacion,
ELE12046,ELE-0046,Instalaciones Eléctricas,ELE,SI,FIJO,,Pza,900.0,Ventiladores,
ELE12047,ELE-0047,Instalaciones Eléctricas,ELE,SI,FIJO,,Pza,160.0,colocacion de ventiladores,
ELE12048,ELE-0048,Instalaciones Eléctricas,ELE,SI,FIJO,,Pza,825.0,"Instalación de alimentador para equipos de aire acondicionado, con cable de uso rudo, considerando alimentación a equipo de condensador.",
ELE12049,ELE-0049,Instalaciones Eléctricas,ELE,SI,FIJO,,Pza,4500.0,Instalación de interruptor principal con salida cable cal. 1/0 AWG,
ELE12050,ELE-0050,Instalaciones Eléctricas,ELE,SI,FIJO,,salida,430.0,"Instalacion de salidas para  contactos , apagadores, lamparas, salidas voz y datos. Incluye mano de obra, herramienta, consumibles y todo lo necesario para su correcta ejecucion. (MANO DE OBRA)",
ELE12051,ELE-0051,Instalaciones Eléctricas,ELE,SI,FIJO,,sal,397.0,"Instalación de salidas eléctricas para contactos, lámparas, salidas de audio, video, extractores u otros dispositivos, con canalización empotrada en muro o losa, cableado, conexión a centro de carga y verificación de funcionamiento. Incluye herramienta menor, mano de obra, cableado, ductería, anclajes, prueba de funcionamiento y todo lo necesario para su correcta ejecución.",
ELE12052,ELE-0052,Instalaciones Eléctricas,ELE,SI,FIJO,,lote,4945.0,"Suministro e instalación de centro de carga para iluminación y contactos generales, con pastillas térmicas, barra de neutro y tierra física, montado en gabinete metálico. Incluye set de 8 interruptores 15amp, tablero square, barra de cobre tierra fisica, herramienta menor, mano de obra, conexión a acometida o centro principal, puesta a tierra y todo lo necesario para su correcta ejecución.",
ELE12053,ELE-0053,Instalaciones Eléctricas,ELE,SI,FIJO,,lote,2300.0,"Suministro e instalación de centro de carga para iluminación y contactos generales, con pastillas térmicas, barra de neutro y tierra física, montado en gabinete metálico. Incluye herramienta menor, mano de obra, conexión a acometida o centro principal, puesta a tierra y todo lo necesario para su correcta ejecución.",
ELE12054,ELE-0054,Instalaciones Eléctricas,ELE,SI,FIJO,,pza,125.0,"Colocación de luminarias tipo plafón o empotrables en interiores, con conexión a circuito existente, fijación mecánica y pruebas de funcionamiento. Incluye herramienta menor, mano de obra, conectores y todo lo necesario para su correcta ejecución.",
ELE12055,ELE-0055,Instalaciones Eléctricas,ELE,SI,FIJO,,ml,197.0,"Suministro e instalación de acometida para servicios de internet y telefonía, desde el punto de toma en banqueta hasta centro de distribución en el interior del departamento, con cable UTP categoría 6 o coaxial (según servicio), manguera corrugada, abrazaderas, cinta guía y ductería empotrada o visible según tramo. Incluye herramienta menor, mano de obra, pruebas de continuidad, canalización y todo lo necesario para su correcta ejecución.",
ELE12056,ELE-0056,Instalaciones Eléctricas,ELE,SI,FIJO,,lote,3900.0,"Colocación completa de base para medidor eléctrico, con placa tipo CFE, caja de medidor, tubo de salida, tapas, barra de tierra, derivaciones al centro de carga, caja de aluminio empotrada para registro con puerta abatible, sellos de seguridad y preparación lista para sellado por CFE. Incluye herramienta menor, mano de obra, herrajes, materiales, fijación, pruebas y todo lo necesario para su correcta ejecución.",
ELE12057,ELE-0057,Instalaciones Eléctricas,ELE,SI,FIJO,,lote,48434.0,"Suministro de lote completo de materiales eléctricos para instalación general de obra, exceptuando tableros, pastillas e interruptores. Incluye: 27.5 rollos de cable THW-LS calibre 12, 14 y 10 64 cajas plásticas para contactos, apagadores y salidas 2,640 ml de manguera corrugada de 1/2” para canalización ahogada Cinta aislante, conectores, terminales, taquetes, tornillos, placas, cinta guía y otros consumibles de instalación eléctrica Incluye también selección, carga, transporte interno en obra, y todo lo necesario para su correcta ejecución.",
EXI18001,EXI-0001,Extracción e Inyección,EXI,SI,FIJO,,Lote,80000.0,"Concepto por instalación de ductería de extracción de campana de cocina inyección de aire, extracción de baños, incluye arrancador, campana, mano de obra y todo lo necesario para su correcta ejecución.",
EXI18002,EXI-0002,Extracción e Inyección,EXI,SI,FIJO,,Lote,32450,"Suministro y colocación de campana de acero inoxidable de 3.50 x 1.00 x 0.50, incluye filtros, calibre 19 lámina tipo 304 grado alimenticio, incluye material, mano de obra y todo lo necesario para su correcta ejecución",
EXI18003,EXI-0003,Extracción e Inyección,EXI,SI,FIJO,,Lote,980.0,Soporteria para campana Que consiste en: Riel Unicanal galvanizado 4 x 4 y tirantes de cable de acero para sujetar campana.,
EXI18004,EXI-0004,Extracción e Inyección,EXI,SI,FIJO,,Lote,6650.0,"Suministro de extractor de aire centrífugo tipo jaula de ardilla, de entrada doble, para inyección de aire, marca ventilhec, modelo vt-4516, con capacidad para manejar 7641 m3/hr. nominales, motor de 1/2 h.p. acoplado por medio de poleas y bandas para operar a 115 volts, 1 fase, 60 Hz",
EXI18005,EXI-0005,Extracción e Inyección,EXI,SI,FIJO,,Lote,850.0,instalacion de inyector de aire tipo jaula de ardilla,
EXI18006,EXI-0006,Extracción e Inyección,EXI,SI,FIJO,,Lote,28746.79,"Suministro de extractor de aire centrífugo tipo vent-set con motor exterior de 5 h.p., marca s&p, modelo cm-400, con capacidad para manejar 7631 m3/hr. contra una presión de 1,5"" c.a. y 2145 rpm, para operar a 220 volts, 3 fases, 60 hz. incluye transmisión y poleas",
EXI18007,EXI-0007,Extracción e Inyección,EXI,SI,FIJO,,Lote,5978.0,Soporteria y fijacion de ducto,
EXI18008,EXI-0008,Extracción e Inyección,EXI,SI,FIJO,,Pza,20000.0,Caja de filtros para particulas  pesadas y de carbon activado,
EXI18009,EXI-0009,Extracción e Inyección,EXI,SI,FIJO,,Pza,48500.0,Suministro de extractor tipo CRV con motor de 5hp,
EXT89001,EXT-0001,Extraordinarios,EXT,SI,PORCENTAJE_OBRA,5,%,Del monto total de obra,Vicios ocultos,porcentual 5% sobre el total de obra
EXV03001,EXV-0001,Excavaciones,EXV,SI,FIJO,,m2,13.7,"Trazo y nivelación topográfica del área a construir, incluye, material, herramienta, equipo,limpieza,desperdicios y mano de obra.",
EXV03002,EXV-0002,Excavaciones,EXV,SI,FIJO,,m2,22.0,"Despalme del terreno del área a construir, incluye : material, herramienta,equipo,limpiez, desperdicios y mano de obra. Capa de 20 cm. Incluye carga y acarreo.",
EXV03003,EXV-0003,Excavaciones,EXV,SI,FIJO,,m2,399.39,"Relleno con tepetate, compactado manual al 85% proctor, adicionando agua, incluye: mano de obra, equipo y herramienta.",
EXV03004,EXV-0004,Excavaciones,EXV,SI,FIJO,,m2,180.0,"Relleno con cacahuatillo, compactado manual al 80% proctor, adicionando agua, incluye: mano de obra, equipo y herramienta.",
EXV03005,EXV-0005,Excavaciones,EXV,SI,FIJO,,m2,141.13,"Relleno con mechuda, para levantamiento de nivel de área de servicios, incluye acarreo, compactación proctor al 80% y mano de obra.",
EXV03006,EXV-0006,Excavaciones,EXV,SI,FIJO,,m3,76.54,"Relleno de zanjas con materiales producto de la excavación, compactado al 85% pròctor, con rodillo vibratorio. Incluye los materiales, la mano de obra, la herramienta y equipo necesario para su correcta ejecución",
EXV03007,EXV-0007,Excavaciones,EXV,SI,FIJO,,m3,555.0,"Excavación en cepa con retro excavadora, de material tipo II, a una profundidad promedio de 1,50 m, incluyendo acarreo libre hasta 20,00 m para posterior utilización como relleno en cepa excavada",
EXV03008,EXV-0008,Excavaciones,EXV,SI,FIJO,,m3,96.0,"Excavación en cepas. Mat ""b"" medido en banco . Incluye : cargo directo por el costo de los materiales y mano de obra que intervenga, ademes y extracción de ademes, afine de talud y fondo de excavación, traspaleo, elevacion, carga y acarreo según el caso, equipo de seguridad, instalaciones especificas , depreciación , y demás derivados del uso de herramientas y equipo.",
EXV03009,EXV-0009,Excavaciones,EXV,SI,FIJO,,m3,156.78,"Acarreo de material producto de la excavación, despalmes y demoliciones, el precio incluye: carga y descarga con maquinaria, mano de obra y herramienta, permisos correspondientes al retiro y al tiro de material y todo lo necesario para su correcta ejecucion de los trabajos para cualquier distancia",
EXV03010,EXV-0010,Excavaciones,EXV,SI,FIJO,,ml,487.0,"Excavación en cepas. Mat ""b"" medido en banco hasta 2m profundidad y hasta 1.3m ancho. Incluye : cargo directo por el costo de los materiales y mano de obra que intervenga, ademes y extracción de ademes, afine de talud y fondo de excavación, traspaleo, elevacion, carga y acarreo según el caso, equipo de seguridad, instalaciones especificas , depreciación , y demás derivados del uso de herramientas y equipo.",
EXV03011,EXV-0011,Excavaciones,EXV,SI,FIJO,,viaje,900.0,Viaje de arena para cama de firmes (de banco cercano),
EXV03012,EXV-0012,Excavaciones,EXV,SI,FIJO,,m3,112.0,"Excavación manual con apoyo de maquinaria ligera portátil (tipo martillo demoledor eléctrico y carretillas) para desplante de cepas o zapatas, en terreno tipo ""B"", con acarreo interno de hasta 15 m desde zona de trabajo hasta área de acopio. Incluye herramienta menor, mano de obra, renta de equipo portátil (martillos, carretillas), materiales auxiliares (costales o lonas para carga si aplica), y todo lo necesario para su correcta ejecución en condiciones de acceso restringido.",
EXV03013,EXV-0013,Excavaciones,EXV,SI,FIJO,,lote/dia,540.0,"Renta diaria de equipo portátil para excavación manual en sitio con acceso restringido. Incluye martillo demoledor eléctrico (tipo SDS Max), carretillas reforzadas, generador portátil (en caso de no contar con energía eléctrica), extensiones, cables, plumillas y herramientas auxiliares de control de trazo. Incluye renta de equipo, transporte interno en obra, accesorios menores (discos, brocas, extensiones), y todo lo necesario para su correcta operación durante una jornada de trabajo de 8 horas.",
GAS17001,GAS-0001,Instalaciones de Gas,GAS,SI,FIJO,,Lote,15000.0,"Concepto por instalación y suministro de gas, incluye; material, mano de obra, herramienta, equipo de seguridad y todo lo necesario para su correcta ejecución.",
GAS17002,GAS-0002,Instalaciones de Gas,GAS,SI,FIJO,,Lote,7000.0,Verificación de gas,
GAS17003,GAS-0003,Instalaciones de Gas,GAS,SI,FIJO,,Lote,18575.0,"Suministro y colocacion de TANQUE DE CARBURACIÓN TATSA, MOD 120 LTS (pendiente azotea), incluye flete, conexiones, ducteria a cocina y calentador, maniobras de montaje, coples,reguladores, mano de obra y todo lo necesario para su correcta ejecucion",
GAS17004,GAS-0004,Instalaciones de Gas,GAS,SI,FIJO,,Lote,2899.0,TOMA DE GAS,
GAS17005,GAS-0005,Instalaciones de Gas,GAS,SI,FIJO,,Lote,4890.0,LINEA DE ALIMENTACION DE TANQUE DE GAS,
GAS17007,GAS-0006,Instalaciones de Gas,GAS,SI,FIJO,,ml,183.0,"Suministro e instalación de red de gas LP con tubería multicapa Durman (aluminio y polietileno reticulado) de 1/2” y 3/4” de diámetro, con conexiones certificadas, tees, codos, válvulas de paso, abrazaderas y puntos de servicio. Incluye registros de revisión, prueba de hermeticidad y sellado conforme a norma vigente NOM-002-SECRE-2010. Incluye herramienta menor, mano de obra especializada, fijaciones, selladores y todo lo necesario para su correcta ejecución.",
GAS17012,GAS-0007,Instalaciones de Gas,GAS,SI,FIJO,,pza,8900.0,"Colocación de tanque estacionario de gas LP de 180 litros sobre base metálica nivelada, con instalación de válvula de llenado, multiválvula, regulador de baja presión, manómetro y señalética visible. Incluye herramienta menor, materiales, fijaciones, mano de obra, pruebas de presión y certificación de instalación.",
GAS17015,GAS-0008,Instalaciones de Gas,GAS,SI,FIJO,,ml,276.0,"Suministro e instalación de red de gas LP con tubería multicapa Durman (aluminio + polietileno reticulado), desde cilindros individuales ubicados bajo escaleras hacia estufas, calentadores y puntos de servicio en cada unidad. Incluye conexiones certificadas, válvulas de paso, abrazaderas, puntos de revisión y prueba de hermeticidad. Incluye herramienta menor, mano de obra calificada, materiales y todo lo necesario para su correcta ejecución.",
GAS17017,GAS-0009,Instalaciones de Gas,GAS,SI,FIJO,,lote,2250.0,"Lote de conexiones, válvulas y reguladores para instalación de cilindros - Suministro de paquete completo de conexiones para sistema de cilindros individuales, incluyendo mangueras flexibles, válvulas de paso, reguladores de baja presión, abrazaderas y conectores tipo L. Incluye selección, transporte, herrajes menores y todo lo necesario para su correcta integración a red multicapa.",
GAS17021,GAS-0010,Instalaciones de Gas,GAS,SI,FIJO,,ml,40.0,"Pintura de seguridad para red de gas exterior- Aplicación de pintura amarilla de seguridad para señalización de tubería de gas, en tramos visibles de la red exterior. Incluye cepillado previo, una mano de primario anticorrosivo y dos manos de esmalte sintético. Incluye herramienta menor, rodillos, brochas, materiales y todo lo necesario para su correcta ejecución.",
HNR90001,HNR-0001,Honorarios,HNR,SI,PORCENTAJE_OBRA,15,%,Del monto total de obra,"Honorarios por trabajos realizados en el despacho arquitectónico, correspondientes al 15% del costo total de la obra. Incluye la gestión y coordinación de proyecto, supervisión administrativa, administracion de proyecto, gestion de planos y documentación técnica, trámites, asesoría en selección de materiales, control de calidad y cumplimiento de normativas vigentes.",porcentual 15% sobre el total de obra
HRR10001,HRR-0001,Herrería,HRR,SI,FIJO,,Lote,5500.0,"Suministro y colocación de estructura para soportar luminarias, cuadradas de 0.30x0.30xlargo de escenario. A base de ptr de 1""x1""",
HRR10002,HRR-0002,Herrería,HRR,SI,FIJO,,Lote,4136.0,Armado de estructura para acrilico de segunda planta.,
HRR10003,HRR-0003,Herrería,HRR,SI,FIJO,,Lote,14000.0,Construccion de toldo de 14.5m2 en area de terraza fabricado con recuperacion de perfiles del toldo existente posteriormente forrados con madera tratada para dar vista de aparente viga de madera. soldado a placa de acero cal 20 barrenado a dala de concreto.,
HRR10004,HRR-0004,Herrería,HRR,SI,FIJO,,Lote,5290.0,"Suministro y fabricación de peldaños para escalera de marinero a azotea en fachada. Incluye ranuras, empotrado, primer, pintura y todo lo necesario para su correcta ejecucion. Usando material recuperado de toldo de herreria ecistente.",
HRR10005,HRR-0005,Herrería,HRR,SI,FIJO,,Lote,3276.0,"Suministro y fabricación de celosía en ventana del cuarto de lavado, incluye materiales mano de obra herramienta y todo lo necesario para su correcta ejecución. Usando material recuperado de toldo de herreria ecistente.",
HRR10006,HRR-0006,Herrería,HRR,SI,FIJO,,Lote,4973.0,"Suministro y colocación de celosía en descanso de escaleras, incluye materiales mano de obra herramienta y todo lo necesario para su correcta ejecución. Usando material recuperado de toldo de herreria ecistente.",
HRR10007,HRR-0007,Herrería,HRR,SI,FIJO,,Lote,9800.0,"Suministre, colocación de barandal de herrería en área de terraza, planta alta, incluye mano de obra materiales, herramienta y todo lo necesario para su correcta ejecución.",
HRR10008,HRR-0008,Herrería,HRR,SI,FIJO,,Lote,2700.0,Fabricación de estructura en herrería para cargar gavetas y televisión empotrables en muro falso de tabla roca para sala. Incluye material mano de obra y todo lo necesario para su correcta ejecución.,
HRR10009,HRR-0009,Herrería,HRR,SI,FIJO,,ml,288.75,"Estructura de perfil metalico a base  de ptr de 3""x 1""1/2"" rojo para soportar cristal de vestibulo",
HRR10010,HRR-0010,Herrería,HRR,SI,FIJO,,ml,935.0,"Estructura de acero a base de perfiles, para forrar y recibir barra, incluye; material, mano de obra, herramienta y acarreos.",
HRR10011,HRR-0011,Herrería,HRR,SI,FIJO,,ml,1215.0,"Suministro y colocación de barandal de herrería según muestra a base de ptr de 1"", para los postes, y solera de 1” para los dibujos según plano. Perfil de pasamano con primario anticorrosivo y pintura esmalte color según muestra. Incluye, mano de obra, materiales, flete, herramienta y equipo.",
HRR10012,HRR-0012,Herrería,HRR,SI,FIJO,,Pza,1240.83,"suministro y colocacion de angulo para estructura en tapanco,  suministro y  colocacion de policarbonato, sellado con silicon, material, mano de obra y herramientas",
HRR10013,HRR-0013,Herrería,HRR,SI,FIJO,,ml,734.0,"Suministro y colocacion de rejilla tipo Irving de 32 x 3.17 mm ( 1 1/4""x1/8""), de 30 cm de ancho",
HRR10014,HRR-0014,Herrería,HRR,SI,FIJO,,m2,920.0,Estructura de toldo a base de perfiles metalicos soldados según detalle en plano,
HRR10015,HRR-0015,Herrería,HRR,SI,FIJO,,m2,900.0,"Armado de estructura de herreria para recibir lona en area de terraza con perfil rectangular de 2""x 1 1/2""","descripción repetida · conservada por regla — precio distinto, no se fusiona"
HRR10016,HRR-0016,Herrería,HRR,SI,FIJO,,m2,300.0,"Suministro e instalacion de ptr cuadrado de 3"" para fijar base de proyector, empotrado a columna de concreto y muro de block con taquetes expansivos de 3/8"". Incluye placa de anclaje, cortes, 2 capas de pintura negra semimate automotiva marca excelo, herramientas, equipo y mano de obra",
HRR10017,HRR-0017,Herrería,HRR,SI,FIJO,,m2,56.55,"Armado de estructura de herreria para recibir lona en area de terraza con perfil rectangular de 2""x 1 1/2""","descripción repetida · conservada por regla — precio distinto, no se fusiona"
HRR10018,HRR-0018,Herrería,HRR,SI,FIJO,,Pza,792.0,Bases para condensadores,
HRR10019,HRR-0019,Herrería,HRR,SI,FIJO,,Pza,350.0,Suministro y colocacion de  soportes para bocinas con perfiles comerciales; incluye taquetes expansivos.,
HRR10020,HRR-0020,Herrería,HRR,SI,FIJO,,Pza,250.0,"Suministro y colocación de estructura para soportar televisores. Tramo de PTR o AR de 3"" x 1"" 1/2"" según requiera la altura, incluye solera, soldadura, taquetes expansivos y todo lo necesario para su correcta ejecucion",
HRR10021,HRR-0021,Herrería,HRR,SI,FIJO,,Pza,3300.0,Puertas de herrerìa en àrea de servicio,
HRR10022,HRR-0022,Herrería,HRR,SI,FIJO,,Pza,8000.0,Suministro y colocacion de cortina plegable de lamina de acero de 3.00m largo hasta 2.50m altura,
HRR10023,HRR-0023,Herrería,HRR,SI,FIJO,,Pza,1800.0,Maceteros 90x90x35,
HRR10024,HRR-0024,Herrería,HRR,SI,FIJO,,Pza,12000.0,"Estructura para escenario, sobre tarima, escaleras",
HRR10025,HRR-0025,Herrería,HRR,SI,FIJO,,Pza,950.0,"Suministro de tapas para registros en sisterna, registro sanitario y registro de acometida para instalaciones eléctricas y sistemas, incluye materiales mano de obra y todo lo necesario para su correcta ejecución.",
HRR10026,HRR-0026,Herrería,HRR,SI,FIJO,,Pza,978.0,"Fabricación de base para hidroneumático, incluye materiales, mano de obra herramienta y todo lo necesario para su correcta ejecución. Usando material recuperado de toldo de herreria ecistente.",
HRR10027,HRR-0027,Herrería,HRR,SI,FIJO,,pza,1378.0,"Estructura metálica de soporte para planchas cerámicas flotadas tipo ovalines, fabricada con herrería reciclada a base de PTR 1”x1”, reforzada y pintada. Incluye herramienta menor, mano de obra, corte, soldadura, fijación y todo lo necesario para su correcta ejecución.",
HRR10033,HRR-0028,Herrería,HRR,SI,FIJO,,Pza,1245.0,Fabricación de estructura de herrería para recibir forrado de piso ceramico en planchas flotadas para ovalines en baños. Incluye herramienta material mano de obra y todo lo necesario para su correcta ejecución.. Usando material recuperado de toldo de herreria ecistente.,
HRR1004,HRR-0029,Herrería,HRR,SI,FIJO,,lote,25000.0,"Suministro y colocación de toldo tipo pérgola metálica en azotea, estructura de tubo cuadrado de 1.5”, travesaños tipo solera cada 30 cm, acabado en esmalte color madera. Anclaje mecánico a losa y estructura.",
HRR10035,HRR-0030,Herrería,HRR,SI,FIJO,,pza,980.0,"Fabricación y colocación de tapas metálicas para registros sanitarios, eléctricos o hidráulicos, con placa antiderrapante, PTR perimetral y orejas de anclaje. Incluye herramienta menor, mano de obra, pintura anticorrosiva y todo lo necesario para su correcta ejecución.",
HRR1030,HRR-0031,Herrería,HRR,SI,FIJO,,lote,28000.0,"Fabricación y colocación de escalera metálica principal, estructura tipo canal de acero con peldaños de placa antiderrapante, pasamanos y barandal tubular, pintada con primario anticorrosivo y esmalte negro mate. Anclaje a muros y losa. Altura total: 6.40 m.",
HRR1031,HRR-0032,Herrería,HRR,SI,FIJO,,m2,1450.0,"Fabricación y colocación de celosía de herrería decorativa tipo cuadrícula (rejilla tipo rombo o patrón alterno), colocada desde planta baja hasta roof. Acabado en esmalte tipo madera o negro mate según render.",
HRR1032,HRR-0033,Herrería,HRR,SI,FIJO,,pza,2670.0,"Colocación de celosía tipo bastidor de herrería con marco perimetral tubular 1”x1” y solera tipo listón vertical, en vano junto a baños (por departamento). Acabado negro mate.",
HSI14001,HSI-0001,Instalaciones Hidrosanitarias,HSI,SI,FIJO,,Lote,9500.0,"Suministro e instalación de tubo Plus de 3/4"", codos, coples y conexiones. Incluye materiales, mano de obra, herramientas menores, equipo de seguridad y todo lo necesario para una correcta ejecución.",
HSI14002,HSI-0002,Instalaciones Hidrosanitarias,HSI,SI,FIJO,,Lote,10450.45,"Suministro y colocación de tubo CPVC de diferentes diámetros con coples, codos, adhesivos y conexiones para canalización de muebles sanitarios, coladeras, tarjas. incluyendo todos los materiales necesarios, mano de obra, herramienta menor, equipo de seguridad y todo lo necesario para su correcta ejecución.",
HSI14003,HSI-0003,Instalaciones Hidrosanitarias,HSI,SI,FIJO,,Lote,4670.0,"Suministro y colocación de bajada pluvial desde azotea perimetral con canalón, conexión en coladera pórtico planta alta y pórtico planta baja a desnivel de Terreno. Incluye materiales tubo de CPVC, mano de obra, canalón, Accesorios, Soporteria y todo lo necesario para su correcta ejecución.",
HSI14004,HSI-0004,Instalaciones Hidrosanitarias,HSI,SI,FIJO,,Lote,12813.0,"Suministro y colocación de muebles de baño que incluye: 1 ovalín, u1 juego de mono mandos, herraje de lavabo, 1 WC con depósito de agua, herraje wc, set de regadera y manerales, coladera. Incluye mano de obra, herramienta, materiales de instalación y conexión, mobiliario y todo lo necesario para su correcta ejecución. Area de baño",
HSI14005,HSI-0005,Instalaciones Hidrosanitarias,HSI,SI,FIJO,,Lote,13587.43,"Suministro y colocación de equipo hidroneumático con bomba de 3/4 hp y un tanque de almacenamiento de 130 litros, mano de obra para colocacion en area de cisterna hasta la bodega, tubo CPVC de 3/4"", accesorios de conexión, todos los materiales misceláneos, herramienta menor, equipo de seguridad, acarreo de materiales y todo lo necesario para su correcta instalación. v2",
HSI14006,HSI-0006,Instalaciones Hidrosanitarias,HSI,SI,FIJO,,Lote,6050,"Suministro y colocación de calentador de agua con capacidad de 7 l gas LP , incluye boiler, materiales de instalación, mano de obra herramienta y todo necesario para su correcta ejecución.",
HSI14007,HSI-0007,Instalaciones Hidrosanitarias,HSI,SI,FIJO,,Lote,3256.0,"Suministro y colocación de tarja de acero inoxidable para cocina y cuarto de lavado. Incluye mezcladoras, herrajes, instalación y todo lo necesario para su correcta ejecución.",
HSI14008,HSI-0008,Instalaciones Hidrosanitarias,HSI,SI,FIJO,,Lote,24345.78,"Suministro y colocación de equipo hidroneumático con bomba de 3/4 hp y un tanque de almacenamiento de 130 litros, mano de obra para colocacion en area de cisterna hasta la bodega, tubo CPVC de 3/4"", accesorios de conexión, todos los materiales misceláneos, herramienta menor, equipo de seguridad, acarreo de materiales y todo lo necesario para su correcta instalación.",
HSI14009,HSI-0009,Instalaciones Hidrosanitarias,HSI,SI,FIJO,,ml,153.41,"Suministro e instalación de tubo Plus de 3/4"", incluyendo la realización de ranuras para su alojamiento. Incluye materiales, mano de obra, herramientas menores, equipo de seguridad y todo lo necesario para una correcta ejecución.",
HSI14010,HSI-0010,Instalaciones Hidrosanitarias,HSI,SI,FIJO,,ml,206.35,"Suministro y colocación de tubo CPVC de 4” para canalización de muebles sanitarios, incluyendo ranura para su alojamiento. El precio incluye todos los materiales necesarios, mano de obra, herramienta menor, equipo de seguridad y todo lo necesario para su correcta ejecución.",
HSI14011,HSI-0011,Instalaciones Hidrosanitarias,HSI,SI,FIJO,,ml,206.35,"Suministro y colocación de tubo de CPVC 3"" para canalización de bajadas pluviales. Incluye soporteria, ranuras, conexiones, materiales necesarios, mano de obra, herramienta, equipo de seguridad y todo lo necesario para su correcta ejecucion.",
HSI14012,HSI-0012,Instalaciones Hidrosanitarias,HSI,SI,FIJO,,Pza,450.0,"Suministro y colocacion de salida en red hidraulica incluye; material, mano de obra, herramienta menor. v2",
HSI14013,HSI-0013,Instalaciones Hidrosanitarias,HSI,SI,FIJO,,Pza,450.0,"Suministro y colocacion de salida red sanitaria incluye;coladeras material, mano de obra, herramienta menor. v2",
HSI14014,HSI-0014,Instalaciones Hidrosanitarias,HSI,SI,FIJO,,Pza,1555.4,"Registro con muro de tabique rojo recocido 0.40 x 0.60 x 0.80, incluye el suministro del tabique, cemento, grava, agua, tubo para media caña, acero de refuerzo, marco, contramarco, preparacion de la superficie de desplante, elaboracion de las mezclas de mortero y concreto, formacion de la media caña, construccion de los muros, aplanado en las paredes, interiores, con mortero cemento-arena 1:5. Emboquillado de las conexiones del tubo de albañal con el registro. Limpieza y herramienta y todo lo necesario para su correcta ejecucion v2",
HSI14015,HSI-0015,Instalaciones Hidrosanitarias,HSI,SI,FIJO,,Pza,450.0,"Suministro y colocacion de salida en red hidraulica incluye; material, mano de obra, herramienta menor.",
HSI14016,HSI-0016,Instalaciones Hidrosanitarias,HSI,SI,FIJO,,Pza,450.0,"Suministro y colocacion de salida red sanitaria incluye;coladeras material, mano de obra, herramienta menor.",
HSI14017,HSI-0017,Instalaciones Hidrosanitarias,HSI,SI,FIJO,,Pza,1200.0,Limpieza de cisterna y tinaco incluye; mano de obra y pipa en caso de ser necesaria,
HSI14018,HSI-0018,Instalaciones Hidrosanitarias,HSI,SI,FIJO,,Pza,887.07,Suministro de ovalin ceramico redondo ASTI SKU:612067 para lavamanos,
HSI14019,HSI-0019,Instalaciones Hidrosanitarias,HSI,SI,FIJO,,Pza,1033.62,Suministro de mingitorio RIENZI blanco SKU:602000,
HSI14020,HSI-0020,Instalaciones Hidrosanitarias,HSI,SI,FIJO,,Pza,525.0,Suministro de llave para mingitorio economica marca RUGO SKU:26478,
HSI14021,HSI-0021,Instalaciones Hidrosanitarias,HSI,SI,FIJO,,Pza,1637.07,Suministro de sanitario california con asiento SKU:136325,
HSI14022,HSI-0022,Instalaciones Hidrosanitarias,HSI,SI,FIJO,,Pza,1300.87,Suministro de llave de agua fria para lavabo con cierre automatico cromo marca MOEN SKU:295149,
HSI14023,HSI-0023,Instalaciones Hidrosanitarias,HSI,SI,FIJO,,Pza,3190,"Suministro e instalacion de lavabo sobrecubierta redondo chico color blanco; inc: mezcladora e-11sc, materiales de consumo y mano de obra",
HSI14024,HSI-0024,Instalaciones Hidrosanitarias,HSI,SI,FIJO,,Pza,2961,"Suministro y colocacion de w.c.  con tanque de sobreponer color blanco; incluye herraje en tanque para resistir presion, pijas, cuello de cera, materiales, mano de obra,pruebas y todo lo necesario para su correcta ejecucion.",
HSI14025,HSI-0025,Instalaciones Hidrosanitarias,HSI,SI,FIJO,,Pza,4928,"Suministro e instalación de mingitorio, modelo según cliente. Incluye: llaves con manerales, taquetes de plomo, pijas comunizadas, coflex y llave de control angular, carga y acarreos de materiales dentro de la obra hasta el lugar de su colocación, instalación, mano de obra, equipo y herramienta.",
HSI14026,HSI-0026,Instalaciones Hidrosanitarias,HSI,SI,FIJO,,Pza,750.0,"Colocación de tarja doble.  Incluye: carga y acarreos de materiales dentro de la obra hasta el lugar de su colocación, canasta, contra canasta, cespol. coflex, llaves de control angular, instalación, prueba, mano de obra, equipo y herramienta.",
HSI14027,HSI-0027,Instalaciones Hidrosanitarias,HSI,SI,FIJO,,Pza,475.0,"Colocación de tarja simple, incluye: carga y acarreos de materiales dentro de la obra hasta el lugar de su colocación, canasta, contra canasta, cespol., coflex, llaves de control angular, instalación, prueba, mano de obra, material y herramienta.",
HSI14028,HSI-0028,Instalaciones Hidrosanitarias,HSI,SI,FIJO,,Pza,880.0,"Suministro e instalación de salida sanitaria para desagüe de dispensador de cerveza de barril en área de barra. Suministrar tubería de 3/4 cpvc, conectores, instalación de tubería, prueba hidráulica, carga y acarreo de materiales hasta el lugar de su colocación, materiales, consumibles, herramienta, mano de obra y tnce.",
HSI14029,HSI-0029,Instalaciones Hidrosanitarias,HSI,SI,FIJO,,Pza,13000.0,Suministro y Colocación de Trampa de grasas de 20 lts de acero inoxidable,
HSI14030,HSI-0030,Instalaciones Hidrosanitarias,HSI,SI,FIJO,,Pza,3850.0,Suministro y colocación de Tinacos,
HSI14031,HSI-0031,Instalaciones Hidrosanitarias,HSI,SI,FIJO,,Pza,7975.0,"Suministro y habilitado de bomba presurizadora de 3/4hp , incluye flotador automático equipo, material y todo lo necesario para su correcta ejecución.",
HSI14032,HSI-0032,Instalaciones Hidrosanitarias,HSI,SI,FIJO,,Pza,345.27,"Instalación y pruebas de muebles sanitarios, incluye: mano de obra para la fijación, conexiones, herramienta y todo lo necesario para su correcta ejecución (no incluye mueble sanitario)",
HSI14033,HSI-0033,Instalaciones Hidrosanitarias,HSI,SI,FIJO,,Lote,555.0,Derivacion y conexion de cisterna a alimentacion de red municipal. (pendiente),
HSI14034,HSI-0034,Instalaciones Hidrosanitarias,HSI,SI,FIJO,,Lote,555.0,Derivacion y conexion a red sanitaria municipal (pendiente),
HSI14035,HSI-0035,Instalaciones Hidrosanitarias,HSI,SI,FIJO,,ml,163.0,"Suministro e instalación de red hidráulica con tubería de polipropileno (tubo plus) para agua fría y caliente en todo el edificio, incluyendo conexiones, codos, uniones, soportes, registros, accesorios de sujeción, y pruebas hidráulicas. Incluye herramienta menor, mano de obra, materiales y todo lo necesario para su correcta ejecución.",
HSI14036,HSI-0036,Instalaciones Hidrosanitarias,HSI,SI,FIJO,,ml,145.0,"Suministro e instalación de red sanitaria con tubería de PVC sanitario, incluyendo bajadas, ramales, registros, conectores, trampas, abrazaderas y accesorios completos. Incluye herramienta menor, mano de obra, materiales y todo lo necesario para su correcta ejecución.",
MTJ21001,MTJ-0001,Montajes,MTJ,SI,FIJO,,Lote,800.0,"Suministro y colocación de acrílicos para publicidad, en área de baños",
MTJ21002,MTJ-0002,Montajes,MTJ,SI,FIJO,,Lote,300.0,Montaje varios,
MTJ21003,MTJ-0003,Montajes,MTJ,SI,FIJO,,Pza,300.0,"Colocación de lámpara infrarroja, garabato y repisa de cocina y comandero",
MTJ21004,MTJ-0004,Montajes,MTJ,SI,FIJO,,Pza,500.0,"Montaje de pantallas, incluye equipos, bases, colocación y todo lo necesario para su correcta ejecución",
PRE02001,PRE-0001,Preliminares,PRE,SI,FIJO,,día,350.0,"Renta de generador de luz para trabajos preliminares e iluminación, no incluye gasolina",
PRE02002,PRE-0002,Preliminares,PRE,SI,FIJO,,Lote,1900.0,Limpieza fina de obra SOLO PRODUCTOS,
PRE02003,PRE-0003,Preliminares,PRE,SI,FIJO,,Lote,900.0,Poda de pasto y árboles existentes,
PRE02004,PRE-0004,Preliminares,PRE,SI,FIJO,,m2,8.67,"Trazo del área de construcción. Incluye; herramienta, mano de obra",
PRE02005,PRE-0005,Preliminares,PRE,SI,FIJO,,m2,29.0,"Azotea: Limpieza gruesa durante obra, incluye limpieza de coladeras, recoleccion de cascajo, encostalado de basura existente, costales, acarreos.",
PRE02006,PRE-0006,Preliminares,PRE,SI,FIJO,,m2,20.9,"Planta Baja: Limpieza gruesa durante obra, incluye limpieza de baños, desinfectante en baños y limpieza de coladeras.",
PRE02007,PRE-0007,Preliminares,PRE,SI,FIJO,,m2,221.12,Colocación de tapiales material y mano de obra (Una cara de tabla roca),
PRE02008,PRE-0008,Preliminares,PRE,SI,FIJO,,m2,20.9,"Limpieza gruesa durante obra, incluye limpieza de baños, limpieza de equipos de cocina, limpieza de cristales, desinfectante en baños y limpieza de coladeras.",
PRE02009,PRE-0009,Preliminares,PRE,SI,FIJO,,m2,27.5,"Limpieza fina de obra  incluye limpieza de baños, limpieza de equipos de cocina, aspirado de alfombra de escenario, limpieza de cristales, muebles de salón, desinfectante en baños, limpieza de vitrinas, muros, lambrines, plafones y limpieza de coladeras.",
PRE02010,PRE-0010,Preliminares,PRE,SI,FIJO,,m2,27.7,"Limpieza de azotea, incluye limpieza de canalón y de bajada de aguas.",
PRE02011,PRE-0011,Preliminares,PRE,SI,FIJO,,Pza,605.03,Poda de arboles desde 5.10 m hasta 10.00 m de altura,
PRE02012,PRE-0012,Preliminares,PRE,SI,FIJO,,Pza,974.75,Poda de arboles desde 10.10 m hasta 15.00 m de altura,
PRE02013,PRE-0013,Preliminares,PRE,SI,FIJO,,Semana,2500.0,Gasolina promedio por semana para generador de luz,
PRE02014,PRE-0014,Preliminares,PRE,SI,FIJO,,m2,10.0,"Limpieza general al final de la obra, incluyendo barrido, retiro de sobrantes y preparación para entrega. Incluye herramienta menor, mano de obra, y todo lo necesario para su correcta ejecución.",
PRE02015,PRE-0015,Preliminares,PRE,SI,FIJO,,ml,98.0,"Suministro y colocación de tapiales provisionales, con tabla rossa en una cara para delimitar zona de obra. Incluye herramienta menor, mano de obra, materiales (tabla rossa, clavos, polines), y todo lo necesario para su correcta ejecución.",
PRE02016,PRE-0016,Preliminares,PRE,SI,FIJO,,lote,1250.0,"Control de acceso y cierre de obra con señalética provisional, durante todas las etapas del proyecto. Incluye herramienta menor, mano de obra, materiales (cinta amarilla, conos, letreros), y todo lo necesario para su correcta ejecución.",
PRE02017,PRE-0017,Preliminares,PRE,SI,FIJO,,lote,1680.0,"Riego y limpieza continua durante la obra para evitar polvo y acumulación de material suelto. Incluye herramienta menor, mano de obra, uso de mangueras o cubetas, y todo lo necesario para su correcta ejecución.",
PRE02018,PRE-0018,Preliminares,PRE,SI,FIJO,,Dia,376.0,"Renta de planta de luz para uso en obra, considerando capacidad y tiempo requerido. Incluye renta de equipo, combustible inicial, y todo lo necesario para su correcta operación.",
PRE02019,PRE-0019,Preliminares,PRE,SI,FIJO,,semana,3200.0,"Carga de combustible (gasolina) para planta de luz, conforme al consumo diario de actividades. Incluye suministro de gasolina y todo lo necesario para su correcta ejecución.",
PRE02222,PRE-0020,Preliminares,PRE,SI,FIJO,,lote,950.0,"Poda de árboles o vegetación existente, previa autorización del cliente y/o municipio. Incluye herramienta menor, mano de obra, escaleras (si aplica), y todo lo necesario para su correcta ejecución.",
PRE02020,PRE-0021,Preliminares,PRE,SI,FIJO,,lote,950.0,"Corte de raíces o limpieza subterránea, en caso de interferencia con cimentación o instalaciones. Incluye herramienta menor, mano de obra, y todo lo necesario para su correcta ejecución.",
PRE02021,PRE-0022,Preliminares,PRE,SI,FIJO,,m3,90.0,"Retiro de vegetación residual y tierra negra vegetal no aprovechable. Incluye herramienta menor, mano de obra, y todo lo necesario para su correcta ejecución.",
PRY00001,PRY-0001,Proyecto,PRY,SI,FIJO,,Lote,2200.0,"Memoria descriptiva: usb con digitales de proyecto, estructurales (si es requerido), documentacion, presupuesto.",
PRY00002,PRY-0002,Proyecto,PRY,SI,FIJO,,Lote,2200.0,Calculo y diagrama unifilar de instalaciones electrias (tramite UVIE),
PRY00003,PRY-0003,Proyecto,PRY,SI,FIJO,,m2,90.0,"Realización de anteproyecto arquitectónico para viviendas residenciales medio-altas, incluye: levantamiento, planos arquitectónicos (plantas, fachadas, cortes), modelado 3D y renders fotorealistas.",
PRY00004,PRY-0004,Proyecto,PRY,SI,FIJO,,m2,150.0,Proyecto arquitectónico y ejecutivo,
PRY00005,PRY-0005,Proyecto,PRY,SI,FIJO,,plano,1100.0,"Concepto por realización del proyecto ejecutivo, al momento de levantamiento en obra actual, ya que no se cuenta con planos y propuestas arquitectónicas que representen lo construido. Incluye: acabados, hidrosanitario, electrico, instalacion de gas, carpinteria y canceleria.",
PRY00006,PRY-0006,Proyecto,PRY,SI,FIJO,,lote,5490.0,"Elaboración de propuesta de cambio de imagen en remodelación para casa de dos niveles. En la propuesta se incluyen dos fases de presentación en láminas, las cuales servirán para expresar y lograr la integración conceptual para la remodelación. 

En cada fase conceptualización y propuesta final se incluirán hasta tres renders o perspectivas por área.",
SCI19001,SCI-0001,Sistema Contra Incendios,SCI,SI,FIJO,,Pza,80000.0,Deteccion de humos,
SCI19002,SCI-0002,Sistema Contra Incendios,SCI,SI,FIJO,,Pza,160000.0,Sistema Ansul,
SYS13001,SYS-0001,Sistemas,SYS,SI,FIJO,,Lote,28000.0,"Suministro y colocación de cableado de sistema de punto de venta, cableado de videovigilancia con 8 cámaras, cableado de internet,  incluye material y mano de obra y todo lo necesario para su correcta ejecución.",partida renombrada a 'Sistemas y Redes'
TCL20001,TCL-0001,"Toldos, Cortinas y Lonas",TCL,SI,FIJO,,m2,800.0,Suministro y colocación de cortinas enrollables transparentes con marco negro de cristal flexible,
TCL20002,TCL-0002,"Toldos, Cortinas y Lonas",TCL,SI,FIJO,,m2,890.0,Suministro y colocación de toldo en lona,
TCL20003,TCL-0003,"Toldos, Cortinas y Lonas",TCL,SI,FIJO,,m2,404.1,Suministro y colocación de toldo en tela,
TRA01001,TRA-0001,Trámites y Servicios,TRA,SI,FIJO,,KW,674.42,Deposito de garantía CFE (costo promedio),
TRA01002,TRA-0002,Trámites y Servicios,TRA,SI,FIJO,,Lote,30000.0,Concepto por tramite de permisos de ayuntamiento para la licencia de construcción y uso de suelos,
TRA01003,TRA-0003,Trámites y Servicios,TRA,SI,FIJO,,Lote,6000.0,Concepto por tramite de contrato de comisión federal de electricidad,
TRA01004,TRA-0004,Trámites y Servicios,TRA,SI,FIJO,,Lote,3500.0,Concepto por tramite de sindicato de trabajadores de la construcción (Zona Puebla),
TRA01005,TRA-0005,Trámites y Servicios,TRA,SI,FIJO,,Lote,19000.0,Concepto gratificación IMSS,
TRA01006,TRA-0006,Trámites y Servicios,TRA,SI,FIJO,,Lote,5400.0,"Consulta, atencion y tramite de licencia de obra/licencia de demoliciones ante la Direccion de Desarrollo Urbano de la CD de Puebla, Incluye, seguimiento, elaboración de expediente fisico y digital, seguimiento y entrega de requisitos, pago de honorarios y resolutivos, solicitud y entrega de licencias.",
TRA01007,TRA-0007,Trámites y Servicios,TRA,SI,FIJO,,Pza,15000.0,Concepto por tramite de contrato de unidad verificadora eléctrica,
TRA01008,TRA-0008,Trámites y Servicios,TRA,SI,FIJO,,lote,5600.0,Revision y seguimiento para tramite de verificacion de instalacion de gas. no incluye resolutivo ni UVIE.,
TYD11001,TYD-0001,Tablaroca y Durock,TYD,SI,FIJO,,Lote,2301.45,"Colocacion de canes de madera para soporte de televisiones, mingitorios, repisas, bocinas dentro de los muros de tabla roca",
TYD11002,TYD-0002,Tablaroca y Durock,TYD,SI,FIJO,,Lote,3600.0,"Suministro y fabricación de cajillo de durock para encofrar tuberías de instalación, hidrosanitaria de planta alta, a baño de planta baja, incluye materiales, mano de obra perfilado en Basecoat y todo necesario para su correcta ejecución.",
TYD11003,TYD-0003,Tablaroca y Durock,TYD,SI,FIJO,,ml,252.68,"Fabricacion de cajillo de tablaroca de 15 cm de grosor, armada con canaleta de carga, canal liston, y esquinero metalico. Incluye materiales, mano de obra, herramienta y todo lo necesario para su correcta ejecucion",
TYD11004,TYD-0004,Tablaroca y Durock,TYD,SI,FIJO,,ml,1063.98,"Jardinera de fachada hecha a base de durock, en area de terraza",
TYD11005,TYD-0005,Tablaroca y Durock,TYD,SI,FIJO,,m2,291.18,"Suministro y colocacion de muro de tablaroca antifuego (FR) de 10 cm de espesor por ambas caras, armado con canal 6.35 cm cal. 26, tablaroca antifuego de 1/2"" a base de yeso, afinado con prefacinta y acabados de redimix. Incluye andamiaje, herramienta, equipo y mano de obra. Incluye lijado de superficie",
TYD11006,TYD-0006,Tablaroca y Durock,TYD,SI,FIJO,,m2,221.12,"Suministro y colocacion de muro de tablaroca antifuego (FR) de 10 cm de espesor por una cara, armado con canal 6.35 cm cal. 26, tablaroca antifuego de 1/2 a base de yeso, afinado con prefacinta y acabados de redimix. Incluye andamiaje, herramienta, equipo y mano de obra. Incluye lijado de superficie",
TYD11007,TYD-0007,Tablaroca y Durock,TYD,SI,FIJO,,m2,658.57,"Suministro y colocacion de muro de durock de 10 cm de espesor por ambas caras, armado con canal 6.35 cm cal. 26, tablaroca comun de 1/2 a base de yeso, afinado con prefacinta y acabados de redimix. Incluye andamiaje, herramienta, equipo y mano de obra. No incluye lijado de superficie",
TYD11008,TYD-0008,Tablaroca y Durock,TYD,SI,FIJO,,m2,507.1,"Suministro y colocacion de muro de durock de 10 cm de espesor por una cara, armado con canal 6.35 cm cal. 26, tablaroca comun de 1/2 a base de yeso, afinado con prefacinta y acabados de redimix. Incluye andamiaje, herramienta, equipo y mano de obra. No incluye lijado de superficie",
TYD11009,TYD-0009,Tablaroca y Durock,TYD,SI,FIJO,,m2,320.08,"Falso plafon de yeso a nivel con espesor de 2 cm y metal desplegado de 700 gr/m2, canaleta calibre 20, de 38 mm (1 1/2"") a separacion no mayor a 0.90 en un sentido y 19 mm (3/4"") a cada 30 cm en el otro, colgantes de alambron, en reticula de 60 x 60, anclado a losas o trabes",
TYD11010,TYD-0010,Tablaroca y Durock,TYD,SI,FIJO,,m2,195.8,Suministro y colocacion de relleno acustico,
TYD11011,TYD-0011,Tablaroca y Durock,TYD,SI,FIJO,,m2,325.0,"Elaboración de muro de tablaroca a dos caras con panel de yeso normal o WR de 1/2"" con bastidor metálico a base del poste y canal a cada 0.61 m. Calafateado con prefacinta y Ready Mix. Incluye nivelación, andamiaje, mano de obra, herramienta, equipo, limpieza gruesa y todo lo necesario para su correcta y total ejecución.",
TYD11012,TYD-0012,Tablaroca y Durock,TYD,SI,FIJO,,m2,421.0,"ELABORACION DE MURO DE TABLAROCA A 2 CARAS CON TABLAROCA NORMAL O WR DE 1/2"" CON BASTIDOR METALICO A BASE DE POSTE Y CANAL A CADA 0.61 M.,CALAFATEADO CON PERFACINTA Y REDIMIX, AISLAMIENTO ACUSTICO MEDIANTE COLCHONETA DE FIBRA DE VIDRIO DE 2"", INCLUYE:  NIVELACION, ANDAMIAJES, MANO DE OBRA, HERRAMIENTA, EQUIPO, LIMPIEZA GRUESA Y TODO LO NECESARIO PARA SU CORRECTA Y TOTAL EJECUCION.",
TYD11013,TYD-0013,Tablaroca y Durock,TYD,SI,FIJO,,m2,412.0,"Elaboración de muro de tablaroca a dos caras con panel de yeso normal o WR de 1/2"" con bastidor metálico a base del poste y canal a cada 0.61 m. Calafateado con prefacinta y Ready Mix. Incluye nivelación, andamiaje, mano de obra, herramienta, equipo, limpieza gruesa y todo lo necesario para su correcta y total ejecución. v2",
TYD11014,TYD-0014,Tablaroca y Durock,TYD,SI,FIJO,,Pza,197.9,"Registro de 60 x 60 en tablaroca, reforzando perimetro con canal de amarre, contramarco de te de aluminio 3.17x25.4 mm tapa de tablaroca",
TYD11015,TYD-0015,Tablaroca y Durock,TYD,SI,FIJO,,Pza,1500.0,Suministro y colocación de caras de durock para forrar planchas flotadas para ovalines en baños. Incluye herramienta material mano de obra y todo lo necesario para su correcta ejecución..,
TYD11016,TYD-0016,Tablaroca y Durock,TYD,SI,FIJO,,Pza,350.0,Suministro y colocacion de fundas de lona para televisores de terraza,
EVE-0001,EVE-0001,Event Design,EVE,SI,FIJO,,pza,300,"Mesa tablon para catering (1.83 m × 0.76 m, altura estándar), instalada en el área designada.
Aforada con mantel negro de poliéster de uso banquetero, planchado y colocado al montar la mesa.",
EVE-0002,EVE-0002,Event Design,EVE,SI,FIJO,,pza,300,"Mesa rectangular tipo banquete para trabajos (1.83 m × 0.76 m, altura estándar), instalada en el área designada.
Aforada con mantel negro de poliéster de uso banquetero, planchado y colocado al montar la mesa.",
EVE-0003,EVE-0003,Event Design,EVE,SI,FIJO,,lote,230.0,"Sillas para camerino. 
Sillería para camerino (cantidad suficiente; sugerido 10 pzas).",
EVE-0004,EVE-0004,Event Design,EVE,SI,FIJO,,pza,15.0,Agua natural Bonafont 500 ml (PET): presentación individual.,
EVE-0005,EVE-0005,Event Design,EVE,SI,FIJO,,pza,27.0,Refrescos regulares y de sabor 355 ml: Surtido de refrescos regulares (coca cola) y de sabor.,
EVE-0006,EVE-0006,Event Design,EVE,SI,FIJO,,pza,32.0,Bebida isotónica (Gatorade) 750 ml: Surtido de sabores; temperatura de refrigeración.,
EVE-0007,EVE-0007,Event Design,EVE,SI,FIJO,,set,1260,"Café de cafetera percoladora (no soluble) para 20 pax con azúcar, endulzante y crema/lechitas . incluye: 
-Vaso térmico de cartón para café 20 pzas.
-Mangas térmicas para vasos de café 20 pzas.
-Servilletas blancas 100 pzas.",
EVE-0008,EVE-0008,Event Design,EVE,SI,FIJO,,pza,68.0,Leche Carnation para cafe: 469 ml de leche Carnation saborizada para café.,
EVE-0009,EVE-0009,Event Design,EVE,SI,FIJO,,set,1350.0,"Snacks variados para 15 personas: Charolas con botanas saladas/dulces surtidas para 15 pax (papas, nueces, dips, etc.).",
EVE-0013,EVE-0010,Event Design,EVE,SI,FIJO,,pza,42.0,Agua mineral/soda Topo Chico botella cristal 355 ml.,
EVE-0014,EVE-0011,Event Design,EVE,SI,FIJO,,pza,29.0,Refrescos de dieta 355 ml: Surtido de light/diet.,
EVE-0015,EVE-0012,Event Design,EVE,SI,FIJO,,pza,62.0,Energética Red Bull 250 ml.,
EVE-0016,EVE-0013,Event Design,EVE,SI,FIJO,,pza,45.0,Agua de coco “A de Coco” 330 ml.,
EVE-0017,EVE-0014,Event Design,EVE,SI,FIJO,,pza,62.0,Cerveza Amstel Ultra vidrio 355 ml.,
EVE-0018,EVE-0015,Event Design,EVE,SI,FIJO,,pza,22.0,Cerveza Victoria vidrio 355 ml.,
EVE-0019,EVE-0016,Event Design,EVE,SI,FIJO,,pza,560.0,Pizza extra grande de pepperoni.,
EVE-0020,EVE-0017,Event Design,EVE,SI,FIJO,,pza,560.0,Pizza extra grande vegetariana.,
EVE-0021,EVE-0018,Event Design,EVE,SI,FIJO,,lote,400.0,Charola de fruta de temporada: 3 piezas por cada persona. para 5 pax.,
EVE-0022,EVE-0019,Event Design,EVE,SI,FIJO,,set,1300.0,"Tabla de quesos y charcutería: Tabla/charola para 8 personas con quesos, embutidos y acompañantes.",
EVE-0023,EVE-0020,Event Design,EVE,SI,FIJO,,paq,541.0,Nueces fina sin sal: Bote 1 L de nueces mixtas finas sin sal.,
EVE-0024,EVE-0021,Event Design,EVE,SI,FIJO,,lote,290.0,"Hielera grande cargada al tope de hielo, dedicada a refrescos/agua.",
EVE-0025,EVE-0022,Event Design,EVE,SI,FIJO,,lote,290.0,"Hielera grande cargada al tope de hielo, dedicada a cerveza.",
EVE-0026,EVE-0023,Event Design,EVE,SI,FIJO,,lote,960.0,Hielera con hielo seco para conservación rápida de hielo potable 5kg hielo seco aprox.,
EVE-0027,EVE-0024,Event Design,EVE,SI,FIJO,,paq,190.0,Bolsa de hielo para servicio de bebidas. (Ajustar bolsas extra según aforo y clima.),
EVE-0031,EVE-0025,Event Design,EVE,SI,FIJO,,pza,10.0,Copas largas plásticas.,
EVE-0032,EVE-0026,Event Design,EVE,SI,FIJO,,lote,1600.0,Suministro de un sofá doble y un sofá triple.,
EVE-0033,EVE-0027,Event Design,EVE,SI,FIJO,,pza,500.0,Suministro de perchero Rack con ruedas para 10 ganchos.,
EVE-0034,EVE-0028,Event Design,EVE,SI,FIJO,,pza,400.0,"Suministro de espejo grande, cuerpo completo.",
EVE-0035,EVE-0029,Event Design,EVE,SI,FIJO,,jornada,1500.0,"Auxiliar para refill de hielo, servicio de bebidas y limpieza ligera.",
EVE-0036,EVE-0030,Event Design,EVE,SI,FIJO,,pza,18.0,Agua mineral chica Peñafiel 355 ml.,
EVE-0037,EVE-0031,Event Design,EVE,SI,FIJO,,pza,250.0,Suministro de Ventilador de pedestal.,
EVE-0038,EVE-0032,Event Design,EVE,SI,FIJO,,set,85.0,Suministro de servilletas (100 pzas).,
EVE-0039,EVE-0033,Event Design,EVE,SI,FIJO,,set,99.0,Suministro de set de platos de carton (30 pzas).,
EVE-0040,EVE-0034,Event Design,EVE,SI,FIJO,,set,305.0,Suministro de vasos desechables de plastico color negro 160 oz (50 pzas).,
EVE-0041,EVE-0035,Event Design,EVE,SI,FIJO,,set,150,Suministro de cubiertos desechables 30 juegos.,
EVE-0042,EVE-0036,Event Design,EVE,SI,FIJO,,serv,105.0,Refill de hielo potable (apox 1.5 bolsa hielo).,
TRA-1009,TRA-0009,Trámites y Servicios,TRA,SI,FIJO,,lote,5000.0,Solicitur de licencia de obra menor para permisos de adecuacion y demoliciones,
DEM5013,DEM-0013,Demoliciones,DEM,SI,FIJO,,m³,3500.0,"Demolición con herramienta de mano de concreto armado en elementos estructurales sin recuperación de acero, de 0.00 a 2.50 m de altura, no incluye acarreo de escombro","descripción repetida · conservada por regla — precio distinto, no se fusiona"
DEM5014,DEM-0014,Demoliciones,DEM,SI,FIJO,,m³,3183.52,"Demolición mecánica de elementos estructurales de concreto armado mediante martillo demoledor eléctrico de 30 kg, alturas de 0.00 a 2.50 m, sin recuperación de acero, mano de obra, desgaste y cortes especiales. No incluye acarreo fuera de obra ni a centro de acopio",
DEM5015,DEM-0015,Demoliciones,DEM,SI,FIJO,,m³,2150.0,"Demolición con herramienta de mano de muro piedra braza
en cimentación hasta 1.50 m de profundidad, no incluye
acarreo de escombro","descripción repetida · conservada por regla — precio distinto, no se fusiona"
PRE2223,PRE-0023,Preliminares,PRE,SI,FIJO,,m³,1856.65,"Relleno de tezontle en azotea, incluye tendido y apisonado","descripción repetida · conservada por regla — precio distinto, no se fusiona"
PRE2224,PRE-0024,Preliminares,PRE,NO,FIJO,,m²,162.5,"Limpieza y colocación de Teja, incluye colocación","BAJA · descripción repetida, mismo precio · clave activa: PRE-0031"
EXV3014,EXV-0014,Excavaciones,EXV,SI,FIJO,,m³,522.0,"Excavación a cielo abierto, en materiales manuales de 0 a 2.00 m, en material tipo I-A, incluye: mano de obra, equipo y herramienta.",
DEM5016,DEM-0016,Demoliciones,DEM,SI,FIJO,,m,6706.05,"Demolición y retiro de Muro de piedra labrado en elementos estructurales incluye acarreos de acero, de 0.00 a 2.50 m de altura, no incluye acarreo de escombro",
DEM5017,DEM-0017,Demoliciones,DEM,SI,FIJO,,m³,1984.66,"Demolición con herramienta de mano de muro piedra braza en cimentación hasta 1.50 m de profundidad, no incluye acarreo de escombro","descripción repetida · conservada por regla — precio distinto, no se fusiona"
DEM5018,DEM-0018,Demoliciones,DEM,SI,FIJO,,m³,6615.46,"Demolición con herramienta de mano de concreto armado en cimentación sin recuperación de acero, no incluye acarreo de escombro","descripción repetida · conservada por regla — precio distinto, no se fusiona"
DEM5019,DEM-0019,Demoliciones,DEM,SI,FIJO,,m²,75.79,"Demolición con herramienta de mano de muro de tabique de barro recocido de 14 cm, con recuperación de material, de 0.00 a 2.50 m de altura, no incluye acarreo de escombro","descripción repetida · conservada por regla — precio distinto, no se fusiona"
DIS7016,DIS-0016,Desmantelaciones,DIS,SI,FIJO,,m²,40.0,Retiro de Teja incluye acarreos y elevaciones.,
ALB8072,ALB-0072,Albañilerías,ALB,SI,FIJO,,m,12355.45,"Dado de cimentación de 50 x 50 cm de concreto hidráulico hecho en obra f'c=250 kg/cm2, resistencia normal (a los 28 días), agregado máximo de 19 mm (3/4&quot;), revenimiento de 10 cm +/- 2.5 cm, reforzado con 180 kg/m3 de acero fy=4,200 kg/cm2, incluye cimbra común y descimbra",
ALB8073,ALB-0073,Albañilerías,ALB,SI,FIJO,,m,442.0,"Cadena de desplante de 10 cm x 20 cm de sección, concreto hidráulico hecho en obra f&#039;c=150 kg/cm2, resistencia normal (a los 28 días), agregado máximo de 19 mm (3/4&quot;), revenimiento de 10 cm +/- 2.5 cm de sección, reforzado con 4 varillas corrugadas de acero alta resistencia fy = 6000 kg/cm2 numero 2.5 (5/16&quot;) y estribos de alambrón liso de acero de 1/4&quot; (calibre 2) a cada 30 cm, incluye cimbra común y descimbra.",
ALB8074,ALB-0074,Albañilerías,ALB,SI,FIJO,,m²,626.09,"Sardinel perimetral Remate o guarda escobas de tabique rojo recocido de 7 x 14 x 28 cm en 14 cm de espesor, asentado con mezcla mortero cemento-arena en proporción 1:5, con juntas de 1.5 cm, acabado común, a una altura de 0.00 a 2.50 m",
ALB8075,ALB-0075,Albañilerías,ALB,SI,FIJO,,m,1111.5,"Limpieza de 0.28x0.17 cm forjados de tabique rojo recocido, asentado con mezcla cemento arena 1:4, incluye: trazo, suministro de materiales, acarreos, mano de obra, equipo y herramienta.",
ALB8076,ALB-0076,Albañilerías,ALB,NO,FIJO,,m,508.07,"Castillo de concreto hidráulico hecho en obra de 15 x 15 cm de sección, cimbra a 2 caras, concreto f&#039;c=150 kg/cm2, resistencia normal (a los 28 días), agregado máximo de 19 mm (3/4&quot;), revenimiento de 10 cm +/- 2.5 cm de sección, reforzado con 4 varillas corrugadas de acero alta resistencia fy = 6000 kg/cm2 numero 2.5 (5/16&quot;) y estribos de alambrón liso de acero de 1/4&quot; (calibre 2) a cada 25 cm, incluye cimbra y descimbra, a una","BAJA · descripción repetida, mismo precio · clave activa: ALB-0107"
ALB8077,ALB-0077,Albañilerías,ALB,SI,FIJO,,m,534.86,"Dala de liga de 15 cm x 20 cm de sección, concreto hidráulico hecho en obra f&#039;c=150 kg/cm2, resistencia normal (a los 28 días), agregado máximo de 19 mm (3/4&quot;), revenimiento de 10 cm +/- 2.5 cm de sección, reforzada con 4 varillas corrugadas de acero resistencia normal fy = 4200 kg/cm2 número 3 (3/8&quot;) y estribos de alambrón liso de acero de 1/4&quot; (calibre 2) a cada 25 cm,",
ALB8078,ALB-0078,Albañilerías,ALB,SI,FIJO,,m²,383.89,"Aplanado fino en muros a plomo y regla con mezcla mortero cemento gris-arena en proporción 1:3, de 2 cm de espesor, incluye repellado rustico con llana a una altura de 0.00 a 2.50 m",
ALB8079,ALB-0079,Albañilerías,ALB,NO,FIJO,,m,134.66,"Emboquillado y perfilado en arista de muro repellado con mezcla mortero cemento gris-arena en proporción 1:4, a una altura de 0.00 a 2.50 m","BAJA · descripción repetida, mismo precio · clave activa: ALB-0154"
ALB8080,ALB-0080,Albañilerías,ALB,SI,FIJO,,m²,544.49,"Firme de concreto hidráulico hecho en obra f&#039;c=100 kg/cm2, simple (con acero de refuerzo), de 8 cm de espesor, resistencia normal (a los 28 días), agregado máximo de 38 mm (1 1/2&quot;), incluye cimbra común y descimbra.",
ALB8081,ALB-0081,Albañilerías,ALB,SI,FIJO,,m,1902.6,"Trabe en estructura de 25 cm x 40 cm de concreto hidráulico hecho en obra f&#039;c=250 kg/cm2, resistencia normal (a los 28 días), agregado máximo de 19 mm (3/4&quot;), revenimiento de 10 cm +/- 2.5 cm, reforzado con 130 kg/m3 de acero fy=4,200 kg/cm2, incluye cimbra común y descimbra",
ALB8082,ALB-0082,Albañilerías,ALB,SI,FIJO,,m,1465.75,"Columna en estructura de 20 x 30 cm de concreto hidráulico hecho en obra f&#039;c=200 kg/cm2, resistencia normal (a los 28 días), agregado máximo de 19 mm (3/4&quot;), revenimiento de 10 cm +/- 2.5 cm, reforzada con 180 kg/m3 de acero fy=4,200 kg/cm2, incluye cimbra común y descimbra",
ALB8083,ALB-0083,Albañilerías,ALB,SI,FIJO,,m²,1559.19,"Losa plana en estructura, 12 cm de peralte, de concreto hidráulico hecho en obra f&#039;c=250 kg/cm2, resistencia normal (a los 28 días), agregado máximo de 19 mm (3/4&quot;), revenimiento de 10 cm +/- 2.5 cm, reforzada con 72 kg/m3 de acero fy=4,200 kg/cm2, incluye cimbra común y descimbra",
ALB8084,ALB-0084,Albañilerías,ALB,SI,FIJO,,m²,575.43,"Enladrillado para losa con ladrillo de barro rojo recocido marca La Huerta de 2 x 12 x 24 cm, acabado común, asentado con mezcla mortero cemento-arena en proporción 1:5; incluye escobillado con lechada cemento gris-arena",
ALB8085,ALB-0085,Albañilerías,ALB,SI,FIJO,,m²,544.49,"Firme de concreto hidráulico hecho en obra f&#039;c=100 kg/cm2, simple (con acero de refuerzo), de 8 cm de espesor, resistencia normal (a los 28 días), agregado máximo de 38 mm (1 1/2&quot;), revenimiento de 10 cm +/- 2.5 cm",
ALB8086,ALB-0086,Albañilerías,ALB,NO,FIJO,,m²,336.73,"Impermeabilización a base de una impregnación de microprimer y dos capas de microseal 2f alternadas con una malla de festerflex, una capa de arena cernida y como acabado final una aplicación de festerblanc color blanco, incluye: materiales, acarreos, elevación, desperdicio, mano de obra, equipo y herramienta.","BAJA · descripción repetida, mismo precio · clave activa: ALB-0134"
ALB8087,ALB-0087,Albañilerías,ALB,SI,FIJO,,m,470.49,"Castillo de concreto hidráulico hecho en obra de 12 x 15 cm de sección, cimbra a 2 caras, concreto f'c=150 kg/cm2, resistencia normal (a los 28 días), agregado máximo de 19 mm (3/4&quot;), revenimiento de 10 cm +/- 2.5 cm de sección, reforzado con 4 varillas corrugadas de acero alta resistencia fy = 6000 kg/cm2 número 2.5 (5/16&quot;) y estribos de alambrón liso de acero de 1/4&quot; (calibre 2) a cada 25 cm, incluye cimbra y descimbra, a una",
ALB8088,ALB-0088,Albañilerías,ALB,SI,FIJO,,m,442.0,"Dala o cadena de desplante de 10 cm x 20 cm de sección, concreto hidráulico hecho en obra f'c=150 kg/cm2, resistencia normal (a los 28 días), agregado máximo de 19 mm (3/4&quot;), revenimiento de 10 cm +/- 2.5 cm de sección, reforzada con 4 varillas corrugadas de acero alta resistencia fy = 6000 kg/cm2 número 2.5 (5/16&quot;) y estribos de alambrón liso de acero de 1/4&quot; (calibre 2) a cada 30 cm, incluye cimbra y descimbra",
ALB8089,ALB-0089,Albañilerías,ALB,SI,FIJO,,m²,346.89,"Aplanado fino en muros a plomo y regla con mezcla mortero cemento gris-arena en proporción 1:4, en 2.5 cm de espesor, incluye repellado pulido con plana a una altura de 0.00 a 2.50 m",
ALB8090,ALB-0090,Albañilerías,ALB,SI,FIJO,,m³,6615.46,"Demolición con herramienta de mano de concreto armado en cimentación sin recuperación de acero, no incluye acarreo de escombro","descripción repetida · conservada por regla — precio distinto, no se fusiona"
ALB8091,ALB-0091,Albañilerías,ALB,SI,FIJO,,m³,12380.23,"Zapata de cimentación aislada de 80 x 80 cm por 10 cm de peralte, de concreto hidráulico hecho en obra f'c=200 kg/cm2 de resistencia normal (a los 28 días), agregado máximo de 19 mm (3/4&quot;), revenimiento de 10 cm +/- 2.5 cm, reforzada con 60 kg/m3 de acero fy=4,200 kg/cm2, incluye cimbra, descimbra y plantilla de concreto hidráulico hecho en obra f'c=100 kg/cm2 de 5 cm de peralte",
ALB8092,ALB-0092,Albañilerías,ALB,SI,FIJO,,m,2179.08,"Contratrabe de cimentación corrida de 20 x 80 cm, de concreto hidráulico hecho en obra f'c=200 kg/cm2, resistencia normal (a los 28 días), agregado máximo de 19 mm (3/4&quot;), revenimiento de 10 cm +/- 2.5 cm, reforzada con 110 kg/m3 de acero fy=4,200 kg/cm2, incluye cimbra y descimbra",
ALB8093,ALB-0093,Albañilerías,ALB,SI,FIJO,,m²,626.09,"Muro tabique rojo barro block rojo tejido de 7 x 14 x 28 cm en 14 cm de espesor, asentado con mezcla mortero cemento-arena en proporción 1:5, con juntas de 1.5 cm, acabado común, a una altura de 0.00 a 2.50 m",
ALB8094,ALB-0094,Albañilerías,ALB,SI,FIJO,,m,508.07,"Castillo de concreto hidráulico hecho en obra de 15 x 15 cm de sección, cimbra a 2 caras, concreto f'c=150 kg/cm2, resistencia normal (a los 28 días), agregado máximo de 19 mm (3/4&quot;), revenimiento de 10 cm +/- 2.5 cm de sección, reforzado con 4 varillas corrugadas de acero alta resistencia fy = 6000 kg/cm2 número 2.5 (5/16&quot;) y estribos de alambrón liso de acero de 1/4&quot; (calibre 2) a cada 25 cm, incluye cimbra y descimbra, a una",
ALB8095,ALB-0095,Albañilerías,ALB,SI,FIJO,,m,1902.6,"Trabes o estructura de 25 x 40 cm de concreto hidráulico hecho en obra f'c=250 kg/cm2, resistencia normal (a los 28 días), agregado máximo de 19 mm (3/4&quot;), revenimiento de 10 cm +/- 2.5 cm, reforzada con 130 kg/m3 de acero fy=4,200 kg/cm2, incluye cimbra común y descimbra",
ALB8096,ALB-0096,Albañilerías,ALB,NO,FIJO,,m²,626.09,"Muro de tabique en barro rojo recocido de 7 x 14 x 28 cm en 14 cm de espesor, asentado con mezcla mortero cemento-arena en proporción 1:5, con juntas de 1.5 cm, acabado común, a una altura de 0.00 a 2.50 m","BAJA · descripción repetida, mismo precio · clave activa: ALB-0110"
PRE2225,PRE-0025,Preliminares,PRE,SI,FIJO,,m³,1856.65,"Relleno de tezontle en azotea, incluye tendido y apisonado","descripción repetida · conservada por regla — precio distinto, no se fusiona"
ALB8097,ALB-0097,Albañilerías,ALB,SI,FIJO,,m²,544.49,"Firme de concreto hidráulico hecho en obra f&#039;c=100 kg/cm2, simple (con acero de refuerzo), de 8 cm de espesor, resistencia normal (a los 28 días), agregado máximo de 38 mm (1 1/2&quot;), revenimiento de 10 cm +/-2.5 cm",
ALB8098,ALB-0098,Albañilerías,ALB,SI,FIJO,,m²,2758.59,"Muro de tabique de barro rojo recocido en 12.5 cm de espesor, incluye dalas y castillos, aplanado en dos caras con mortero cemento - arena v pintura vinílica.",
ALB8099,ALB-0099,Albañilerías,ALB,SI,FIJO,,m²,383.89,"Aplanado fino en muros a plomo y regla con mezcla mortero cemento gris-arena en proporción 1:3, en 2.5 cm de espesor, incluye repellado pulido con plana. a una altura de 0.00 a 2.50 m",
ALB8100,ALB-0100,Albañilerías,ALB,SI,FIJO,,m²,359.67,"Aplanado fino en plafones a regla y nivel con mezcla mortero cemento gris-arena en proporción 1:4, en 2.5 cm de espesor, incluye repellado fino con plana. hasta una altura de 3.00 m",
ALB8101,ALB-0101,Albañilerías,ALB,SI,FIJO,,m,134.66,"Emboquillado y perfilado en una arista de muro repellado con mezcla mortero cemento gris-arena en proporción 1:4, a una altura de 0.00 a 2.50 m",
ALB8102,ALB-0102,Albañilerías,ALB,SI,FIJO,,m²,1559.19,"Losa plana en estructura, 12 cm de peralte, de concreto hidráulico hecho en obra f&#039;c=250 kg/cm2, resistencia normal (a los 28 días), agregado máximo de 19 mm (3/4&quot;), revenimiento de 10 cm +/- 2.5 cm, reforzada con 72 kg/m3 de acero fy=4,200 kg/cm2, incluve cimbra común",
ALB8103,ALB-0103,Albañilerías,ALB,SI,FIJO,,m²,342.28,"Entortado en azotea de 3 cm de espesor, con mezcla mortero hidráulico-arena en proporción 1:5",
ALB8104,ALB-0104,Albañilerías,ALB,NO,FIJO,,m²,336.73,"Impermeabilización a base de una impregnación de microprimer y dos capas de microseal 2F alternadas con una malla de festerflex, una capa de arena cernida y como acabado final una aplicación de festerblanc color blanco, incluye: materiales, acarreos, elevación, desperdicio, mano de obra, equipo y herramienta.","BAJA · descripción repetida, mismo precio · clave activa: ALB-0134"
ALB8105,ALB-0105,Albañilerías,ALB,SI,FIJO,,m,1902.6,"Trabe en estructura de 25 cm x 40 cm de concreto hidráulico hecho en obra f&#039;c=250 kg/cm2, resistencia normal (a los 28 días), agregado máximo de 19 mm (3/4&quot;), revenimiento de 10 cm +/- 2.5 cm, reforzada con 130 kg/m3 de acero fy=4,200 kg/cm2, incluye cimbra.común v descimbra",
ALB8106,ALB-0106,Albañilerías,ALB,SI,FIJO,,m,442.0,"Dala o cadena de desplante de 10 cm x 20 cm de sección, concreto hidráulico hecho en obra f&#039;c=150 kg/cm2, resistencia normal (a los 28 días), agregado máximo de 19 mm (3/4&quot;), revenimiento de 10 cm +/-2.5 cm de sección, reforzada con 4 varillas corrugada de acero alta resistencia fy = 6000 kg/cm2 número 2.5 (5/16&quot;) y estribos de alambrón liso de acero de 1/4&quot; (calibre 2) a cada 30 cm, incluye cimbra y descimbra",
ALB8107,ALB-0107,Albañilerías,ALB,SI,FIJO,,m,508.07,"Castillo de concreto hidráulico hecho en obra de 15 x 15 cm de sección, cimbra a 2 caras, concreto f&#039;c=150 kg/cm2, resistencia normal (a los 28 días), agregado máximo de 19 mm (3/4&quot;), revenimiento de 10 cm +/- 2.5 cm de sección, reforzado con 4 varillas corrugadas de acero alta resistencia fy = 6000 kg/cm2 número 2.5 (5/16&quot;) y estribos de alambrón liso de acero de 1/4&quot; (calibre 2) a cada 25 cm, incluye cimbra y descimbra, a una","descripción repetida · ganó por regla — mismo precio, clave mayor"
ALB8108,ALB-0108,Albañilerías,ALB,SI,FIJO,,lote,6771.6,Reparaciones de albañilería por demoliciones de escalera y construcción de domos en muros y plafones.,
ALB8109,ALB-0109,Albañilerías,ALB,SI,FIJO,,m²,4813.33,"Escalera principal. Rampa para escalera de 10 cm de peralte, de concreto hidráulico hecho en obra f'c=250 kg/cm2, resistencia normal (a los 28 días), agregado máximo de 19 mm (3/4""), revenimiento de 10 cm +/- 2.5 cm, reforzada con 60 kg/m3 de acero fy=4,200 kg/cm2, incluye cimbra aparente y Escalones de 0.28x0.17 cm forjados de tabique rojo recocido, asentado con mezcla cemento arena 1:4, incluye: trazo, suministro de materiales, acarreos, mano de obra, equipo y herramienta.",
ALB8110,ALB-0110,Albañilerías,ALB,SI,FIJO,,m²,626.09,"Muro de tabique en barro rojo recocido de 7 x 14 x 28 cm en 14 cm de espesor, asentado con mezcla mortero cemento-arena en proporción 1:5, con juntas de 1.5 cm, acabado común, a una altura de 0.00 a 2.50 m","descripción repetida · ganó por regla — mismo precio, clave mayor"
ALB8111,ALB-0111,Albañilerías,ALB,SI,FIJO,,m,508.07,"Castillo de concreto hidráulico hecho en obra de 15 x 15 cm de sección, cimbra a 2 caras, concreto f'c=150 kg/cm2, resistencia normal (a los 28 días), agregado máximo de 19 mm (3/4""), revenimiento de 10 cm +/- 2.5 cm de sección, reforzado con 4 varillas corrugadas de acero alta resistencia fy = 6000 kg/cm2 número 2.5 (5/16"") y estribos de alambrón liso de acero de 1/4(calibre 18) cada 25 cm, incluye cimbra y descimbra, a una altura de 2.50 m",
ALB8112,ALB-0112,Albañilerías,ALB,SI,FIJO,,m²,346.89,"Aplanado fino en muros a plomo y regla con mezcla mortero cemento gris-arena en proporción 1:4, en 2.5 cm de espesor, incluye repellado pulido común. A una altura de 0.00 a 2.50 m",
ALB8113,ALB-0113,Albañilerías,ALB,SI,FIJO,,m²,359.67,"Aplanado fino en techos a plomo y regla con mezcla mortero cemento gris-arena en proporción 1:4, en 2.5 cm de espesor, incluye repellado fino con llana, hasta una altura de 3.00 m",
ALB8114,ALB-0114,Albañilerías,ALB,SI,FIJO,,m²,910.36,"Plafón corrido de panel de yeso tipo Durock (tabla yeso-cemento para exteriores) marca USG-México (antes yeso panamericano) o similar, formado con estructura de acero galvanizado y forrado con panel de yeso tipo Durock (tabla yeso-cemento para exteriores) o similar, de 1.27 cm (1/2"") hasta 3.00 m de altura",
ALB8115,ALB-0115,Albañilerías,ALB,SI,FIJO,,m²,4813.33,"Escalera Vestíbulo a comedor. Rampa para escalera de 10 cm de peralte, de concreto hidráulico hecho en obra f'c=250 kg/cm2, resistencia normal (a los 28 días), agregado máximo de 19 mm (3/4""), revenimiento de 10 cm +/- 2.5 cm, reforzada con 60 kg/m3 de acero fy=4,200 kg/cm2, incluye cimbra aparente y Escalones de 0.28x0.17 cm forjados de tabique rojo recocido, asentado con mezcla cemento arena 1:4, incluye: trazo, suministro de materiales, acarreos, mano de obra, equipo y herramienta.",
ALB8116,ALB-0116,Albañilerías,ALB,SI,FIJO,,m²,1559.19,"Planchas de lavabos. Losa plana en estructura, 12 cm de peralte, de concreto hidráulico hecho en obra f'c=250 kg/cm2, resistencia normal (a los 28 días), agregado máximo de 19 mm (3/4""), revenimiento de 10 cm +/- 2.5 cm, reforzada con 72 kg/m3 de acero fy=4,200 kg/cm2, incluye cimbra común",
ALB8117,ALB-0117,Albañilerías,ALB,SI,FIJO,,m²,261.56,"Aplanado de estuco fino, acabado con redimix en muros a plomo y regla.","descripción repetida · conservada por regla — precio distinto, no se fusiona"
ALB8118,ALB-0118,Albañilerías,ALB,SI,FIJO,,m²,560.66,"Plafón corrido de panel de yeso tipo tablaroca estándar marca USG-México (antes yeso panamericano) o similar, formado con estructura de acero galvanizado y forrado con panel de yeso tipo tablaroca estándar, de 1.59 cm (5/8""), hasta 3.00 m de altura",
ALB8119,ALB-0119,Albañilerías,ALB,SI,FIJO,,m²,131.79,"Pintura vinílica marca Vinimex o similar sobre muros y plafones de yeso, incluye suministro y aplicación a una mano de sellador y dos manos de pintura",
ACA9046,ACA-0047,Acabados,ACA,SI,FIJO,,m²,534.89,Piso de loseta cerámica para interiores marca Daltile o similar tipo piso Macedonia Gris de 45 x 45 cm,
ACA9047,ACA-0048,Acabados,ACA,SI,FIJO,,m²,777.85,"Recubrimiento para muros en interiores con loseta cerámica marca Interceramic o similar tipo Venetto Aquarelle de 25 x 50 cm, asentado con pasta adhesiva Pegazulejo blanco o similar, en capa de 6 mm de espesor, a una altura de 0.00 a 2.50 m",
HRR10036,HRR-0034,Herrería,HRR,SI,FIJO,,m²,1751.71,"Fabricación de estructura de acero estructural A 36, formada con perfiles ligeros hasta 12 kg/m",
DEM5020,DEM-0020,Demoliciones,DEM,SI,FIJO,,lote,5023.04,Demoliciones de elementos de tabique y concreto en fachada. PB,
DEM5021,DEM-0021,Demoliciones,DEM,SI,FIJO,,lote,5023.04,Demoliciones de elementos de tabique y concreto en fachada. PA,
ALB8120,ALB-0120,Albañilerías,ALB,SI,FIJO,,m,508.07,"Castillo de concreto hidráulico hecho en obra de 15 x 15 cm de sección, cimbra a 2 caras, concreto f'c=150 kg/cm2, resistencia normal (a los 28 días), agregado máximo de 19 mm (3/4""), revenimiento de 10 cm +/- 2.5 cm de sección, reforzado con 4 varillas corrugadas de acero alta resistencia fy = 6000 kg/cm2 número 2.5 (5/16"") y estribos de alambrón liso de acero de 1/4""; (calibre 2) a cada 25 cm, incluye cimbra y descimbra, a una",
CNL15011,CNL-0011,Cancelería y Aluminio,CNL,SI,FIJO,,pza,6548.34,"Domo acrílico blanco lechoso de 1.20 x 1.20 m con marco de aluminio y ventilación, con mezcla mortero cemento-arena en proporción 1:4. incluye suministro y colocación",
PRE2226,PRE-0026,Preliminares,PRE,SI,FIJO,,m²,12.71,Trazo y nivelación para desplantante de estructuras menores de 400.00 m2.,
PRE2227,PRE-0027,Preliminares,PRE,SI,FIJO,,m²,750.0,"Jardinería. Árboles y arbustos en areas de colindancia, pasto, tierra.",
PRE2228,PRE-0028,Preliminares,PRE,NO,FIJO,,m³,1465.66,"Relleno de tepetate compactado con pisón de mano en capas de 20 cm de espesor, utilizando material producto de los trabajos de la obra","BAJA · descripción repetida, mismo precio · clave activa: PRE-0029"
PRE2229,PRE-0029,Preliminares,PRE,SI,FIJO,,m³,1465.66,"Relleno de tepetate compactado con pisón de mano en capas de 20 cm de espesor, utilizando material producto de los trabajos de la obra","descripción repetida · ganó por regla — mismo precio, clave mayor"
ALB8121,ALB-0121,Albañilerías,ALB,SI,FIJO,,m²,978.57,"Huellas, descansos y circulaciones. Firme de concreto hidráulico premezclado f'c=150 kg/cm2, simple (armado con acero de refuerzo), de 5 cm de espesor, resistencia normal (a los 28 días), agregado máximo de 38 mm (1 1/2&quot;), revenimiento de 10 cm +/- 2.5 cm. Sobre terreno compactado de tepetate.",
ALB8122,ALB-0122,Albañilerías,ALB,SI,FIJO,,m²,544.49,"Firme de concreto hidráulico hecho en obra f&#039;c=100 kg/cm2, simple (con acero de refuerzo), de 8 cm de espesor, resistencia normal (a los 28 días), agregado máximo de 38 mm (1 1/2&quot;), revenimiento de 10 cm +/- 2.5 cm.",
ALB8123,ALB-0123,Albañilerías,ALB,SI,FIJO,,m,442.0,"Dala o cadena de desplante de 10 cm x 20 cm de sección, concreto hidráulico hecho en obra f&#039;c=150 kg/cm2, resistencia normal (a los 28 días), agregado máximo de 19 mm (3/4&quot;), revenimiento de 10 cm +/- 2.5 cm de sección, reforzada con 4 varillas corrugadas de acero fy=4,200 kg/cm2 del número 2.5 (5/16&quot;calibre.) y estribos de alambrón No.3 de acero fy=4,200 kg/cm2 calibre a cada 30 cm, incluye cimbra y descimbra",
ALB8124,ALB-0124,Albañilerías,ALB,SI,FIJO,,m²,666.44,"Muro de tabique de barro rojo recocido de 5.5 x 12.5 x 25 cm en 12.5 cm de espesor, asentado con mezcla mortero hidráulico-arena en proporción 1:4, con juntas de 1.5 cm, acabado común, a una altura de 3 m.",
ALB8125,ALB-0125,Albañilerías,ALB,SI,FIJO,,m²,1463.81,"Losa plana en estructura, 10 cm de peralte, de concreto hidráulico hecho en obra f&#039;c=200 kg/cm2, resistencia normal (a los 28 días), agregado máximo de 19 mm (3/4&quot;), revenimiento de 10 cm +/- 2.5 cm, reforzada con 60 kg/m3 de acero fy=4,200 kg/cm2, incluye cimbra aparente",
ALB8126,ALB-0126,Albañilerías,ALB,SI,FIJO,,m²,4813.33,"Escalera Cocina a Jardín.  Rampa para escalera de 10 cm de peralte, de concreto hidráulico hecho en obra f&#039;c=250 kg/cm2, resistencia normal (a los 28 días), agregado máximo de 19 mm (3/4&quot;), revenimiento de 10 cm +/- 2.5 cm, reforzada con 60 kg/m3 de acero fy=4,200 kg/cm2, incluye cimbra aparente.",
ALB8127,ALB-0127,Albañilerías,ALB,SI,FIJO,,m,1106.27,"Trabe en estructura de 15 cm x 30 cm de concreto hidráulico hecho en obra f&#039;c=250 kg/cm2, resistencia normal (a los 28 días), agregado máximo de 19 mm (3/4&quot;), revenimiento de 10 cm +/- 2.5 cm, reforzada con 130 kg/m3 de acero fy=4,200 kg/cm2, incluye cimbra común y descimbra",
ALB8128,ALB-0128,Albañilerías,ALB,SI,FIJO,,m²,349.49,"Firme de concreto hidráulico premezclado f&#039;c=150 kg/cm2, simple (sin acero de refuerzo), de 5 cm de espesor, resistencia normal (a los 28 días), agregado máximo de 38 mm (1 1/2&quot;), revenimiento de 10 cm +/- 2.5 cm",
ALB8129,ALB-0129,Albañilerías,ALB,SI,FIJO,,m²,4813.33,"Escalera patio a recámara PB. Rampa para escalera de 10 cm de peralte, de concreto hidráulico hecho en obra f&#039;c=250 kg/cm2, resistencia normal (a los 28 días), agregado máximo de 19 mm (3/4&quot;), revenimiento de 10 cm +/- 2.5 cm, reforzada con 60 kg/m3 de acero fy=4,200 kg/cm2, incluye cimbra aparente y escalones de 0.25x0.17 cm forjados con tabique rojo recocido, asentado con mezcla mortero-arena proporción 1:4, incluye suministro de materiales, acarreos, mano de obra, equipo y herramienta.",
ALB8130,ALB-0130,Albañilerías,ALB,SI,FIJO,,m²,1623.89,"Rampa para escalera de 10 cm de peralte, de concreto hidráulico hecho en obra f&#039;c=250 kg/cm2, resistencia normal (a los 28 días), agregado máximo de 19 mm (3/4&quot;), revenimiento de 10 cm +/- 2.5 cm, reforzada con 60 kg/m3 de acero fy=4,200 kg/cm2, incluye cimbra aparente",
ACA9048,ACA-0049,Acabados,ACA,SI,FIJO,,m²,1586.17,"Piso de recinto natural negro laminado de 2 x 40 x 60 cm, asentado con mezcla mortero cemento-arena proporción 1:4, en 2 cm de espesor",
CNL15012,CNL-0012,Cancelería y Aluminio,CNL,SI,FIJO,,pza,11514.47,Puerta para Bomba de Caldera de 3/4&quot;quot; x 1 3/4&quot;quot;: de aluminio anodizado natural con perfiles tipo baño y ventilación de celosía de lámina traslape de 1.50 y (1.00) mm,
PRE2230,PRE-0030,Preliminares,PRE,SI,FIJO,,m²,65.0,Limpieza de losa y muros en área de tinacos,
PRE2231,PRE-0031,Preliminares,PRE,SI,FIJO,,m²,162.5,"Limpieza y colocación de Teja, incluye colocación","descripción repetida · ganó por regla — mismo precio, clave mayor"
PRE2232,PRE-0032,Preliminares,PRE,SI,FIJO,,lote,2300.0,Descenso de desperdicio.,
DIS7017,DIS-0017,Desmantelaciones,DIS,SI,FIJO,,m²,60.0,Retiro de Teja en alturas incluye acarreos y elevaciones.,
DIS7018,DIS-0018,Desmantelaciones,DIS,SI,FIJO,,pza,650.0,Retiro y reducción de tinacos.,
ALB8131,ALB-0131,Albañilerías,ALB,SI,FIJO,,m³,76.5,Tecateado de impermeabilizante viejo.,
ALB8132,ALB-0132,Albañilerías,ALB,SI,FIJO,,m²,196.0,Nivelación de losa en zonas hubdidas con mezcla.,
ALB8133,ALB-0133,Albañilerías,ALB,SI,FIJO,,m²,187.3,"Impermeabilización para adecuación de superficie a base de
imperfest E alternadas con polietileno 800, incluye, materiales, mano
de obra. equino v herramienta.",
ALB8134,ALB-0134,Albañilerías,ALB,SI,FIJO,,m²,336.73,"Impermeabilización a base de una impregnación de microprimer y
dos capas de microseal 2F alternadas con una malla de festerflex,
una capa de arena cernida y como acabado final una aplicación de
festerblanc color blanco, incluye: materiales, acarreos, elevación,
desperdicio, mano de obra, equipo y herramienta.","descripción repetida · ganó por regla — mismo precio, clave mayor"
PRE2233,PRE-0033,Preliminares,PRE,SI,FIJO,,lote,9877.14,Limpieza general de obra. Por 4 meses de trabajos.,
ARR6008,ARR-0008,Acarreos,ARR,SI,FIJO,,m³,201.97,"Acarreo horizontal sin pendiente de tierra, arena, cascajo y materiales diversos en cubeta de 20 L a 20.00 m de distancia, incluye carga y descarga del material",
ARR6009,ARR-0009,Acarreos,ARR,SI,FIJO,,viaje,3500.0,Camión de cascajo,
DIS7019,DIS-0019,Desmantelaciones,DIS,NO,FIJO,,lote,5850.0,Desmantelamientos de tuberías existentes.,"BAJA · descripción repetida, mismo precio · clave activa: DIS-0023"
DIS7020,DIS-0020,Desmantelaciones,DIS,NO,FIJO,,lote,5850.0,Desmantelamientos de tuberías existentes.,"BAJA · descripción repetida, mismo precio · clave activa: DIS-0023"
HSI14037,HSI-0037,Instalaciones Hidrosanitarias,HSI,SI,FIJO,,lote,18200.0,Reemplazo de tuberías hidráulicas y galvanizadas por tuboplus. Suministro e intalación de 2 tinacos de 1100.,
HSI14038,HSI-0038,Instalaciones Hidrosanitarias,HSI,SI,FIJO,,lote,20800.0,"Instalación de: lavabo, wc, regadera, coladera, cuadro de control, adaptaciones de fierro fundido a PVC y tuberías hidráulicas de tuboplus.","descripción repetida · conservada por regla — precio distinto, no se fusiona"
HSI14039,HSI-0039,Instalaciones Hidrosanitarias,HSI,SI,FIJO,,lote,3770.0,Adaptación de instalación sanitaria para canalizaciones. Incluye: reubicación de registro en patio y tuberías.,
TRA1009,TRA-0010,Trámites y Servicios,TRA,SI,FIJO,,lote,6248.15,Cargo indirecto por compra de material.,"unidad corregida de '%' a 'lote'; el precio es un monto, no un porcentaje"
DEM5022,DEM-0022,Demoliciones,DEM,SI,FIJO,,lote,26400.0,"CANALIZACIONES PISO, CONCRETO Y TABIQUE (LOTE), NO SE INCLUYEN RESANES NI REPELLADOS",
DIS7021,DIS-0021,Desmantelaciones,DIS,SI,FIJO,,lote,2400.0,"RETIRO DE CABLEADO EXISTENTE, SIN RECUPERACION DE MATERIALES",
ELE12058,ELE-0058,Instalaciones Eléctricas,ELE,SI,FIJO,,pza,2880.0,COLOCACION DE CENTRO DE CARGA QO-30,
ELE12059,ELE-0059,Instalaciones Eléctricas,ELE,SI,FIJO,,pza,1560.0,COLOCACION DE INTERRUPTOR DE SEGURIDAD (3X60),
ELE12060,ELE-0060,Instalaciones Eléctricas,ELE,SI,FIJO,,pza,5760.0,SUMINISTRO Y COLOCACION DE ACOMETIDA PARA SERVICIO CFE (INCLUYE BARILLA CW A TIERRA),
ELE12061,ELE-0061,Instalaciones Eléctricas,ELE,SI,FIJO,,pza,5760.0,CANALIZACION PARA ALIMENTADOR PRINCIPAL DE ACOMETIDA A CUARTO DE SERVICIO (INCLUYE RANURADO EN AREAS QUE SE REQUIERA Y TUBERIA EN AREAS DE JARDIN PARA CRUZAR MAXIMO 40M),
ELE12062,ELE-0062,Instalaciones Eléctricas,ELE,SI,FIJO,,sal,720.0,BAJADAS FUERZA (CONTACTOS INTERIORES),
ELE12063,ELE-0063,Instalaciones Eléctricas,ELE,SI,FIJO,,sal,825.0,BAJADAS DE ALUMBRADO (INTERIOR),
ELE12064,ELE-0064,Instalaciones Eléctricas,ELE,SI,FIJO,,sal,825.0,BAJADAS DE ALUMBRADO (EXTERIOR) (APROXIMADO),
ELE12065,ELE-0065,Instalaciones Eléctricas,ELE,SI,FIJO,,lote,62481.53,Materiales necesarios para la instalación eléctrica. Se adjunta cotización del proveedor.,
CNL15013,CNL-0013,Cancelería y Aluminio,CNL,SI,FIJO,,pza,7475.0,"Fijo de aluminio color negro linea nacional de 3"" con cristal transparente 6mm de 1.7 x 1.7m",
CNL15014,CNL-0014,Cancelería y Aluminio,CNL,SI,FIJO,,pza,12075.0,"Cancel corredizo de 3"" en aluminio color negro linea nacional de 3"" con cristal transparente 6mm de 2.1 x 1.90 m",
CNL15015,CNL-0015,Cancelería y Aluminio,CNL,SI,FIJO,,pza,8625.0,Puerta de aluminio pesado abatibles con cristal de 6mm transparente con pivotes decentrados.,
CNL15016,CNL-0016,Cancelería y Aluminio,CNL,SI,FIJO,,pza,9775.0,"Cancel corredizo de 3"" en aluminio color negro linea nacional de 3"" con cristal transparente 6mm de 2.1 x 1.5 m",
CNL15017,CNL-0017,Cancelería y Aluminio,CNL,SI,FIJO,,pza,18400.0,"Cancel de 3"" en aluminio color negro linea nacional de 3"" con cristal transparente 6mm de 2.1 x 3 m",
CNL15018,CNL-0018,Cancelería y Aluminio,CNL,SI,FIJO,,pza,6900.0,"Ventana corrediza en aluminio color negro linea nacional de 3"" con cristal transparente 6mm de1.6 x 1.4 m",
CNL15019,CNL-0019,Cancelería y Aluminio,CNL,SI,FIJO,,pza,17825.0,"Ventana corrediza en aluminio color negro linea nacional de 3"" con cristal transparente 6mm de 2.37 x 0.82-2.17 x 1.40 m",
CNL15020,CNL-0020,Cancelería y Aluminio,CNL,SI,FIJO,,pza,8625.0,Puerta pesada en aluminio color negro con chapa y pivotes de centrado.,
CNL15021,CNL-0021,Cancelería y Aluminio,CNL,SI,FIJO,,pza,2875.0,"Ventana en aluminio color negro linea nacional de 3"" con cristal transparente 6mm de 1.4 x 0.70",
CNL15022,CNL-0022,Cancelería y Aluminio,CNL,SI,FIJO,,pza,2875.0,"Ventana en aluminio color negro linea nacional de 3"" con cristal transparente 6mm de 0.90 x 1",
CNL15023,CNL-0023,Cancelería y Aluminio,CNL,SI,FIJO,,pza,18400.0,"Cancel corredizo de 3"" en aluminio color negro linea nacional de 3"" con cristal transparente 6mm de 2.1 x 3.00 m",
CNL15024,CNL-0024,Cancelería y Aluminio,CNL,SI,FIJO,,pza,6900.0,"Ventana en aluminio color negro linea nacional de 3"" con cristal transparente 6mm de 1.3 x 1.7",
CNL15025,CNL-0025,Cancelería y Aluminio,CNL,SI,FIJO,,pza,11500.0,"Ventana en aluminio color negro linea nacional de 3"" con cristal transparente 6mm de 2.1 x 1.7",
CNL15026,CNL-0026,Cancelería y Aluminio,CNL,SI,FIJO,,pza,9775.0,"Cancel de 3"" en aluminio color negro linea nacional de 3"" con cristal transparente 6mm de 2.1 x 1.55 m",
CNL15027,CNL-0027,Cancelería y Aluminio,CNL,SI,FIJO,,pza,2875.0,"Ventana en aluminio color negro linea nacional de 3"" con cristal transparente 6mm de 1 x1",
CNL15028,CNL-0028,Cancelería y Aluminio,CNL,NO,FIJO,,pza,18400.0,"Ventana en aluminio color negro linea nacional de 3"" con cristal transparente 6mm de 1.5 x 2","BAJA · descripción repetida, mismo precio · clave activa: CNL-0030"
CNL15029,CNL-0029,Cancelería y Aluminio,CNL,SI,FIJO,,pza,2300.0,"Ventana en aluminio color negro linea nacional de 3"" con cristal transparente 6mm de .9 x 0.6",
CNL15030,CNL-0030,Cancelería y Aluminio,CNL,SI,FIJO,,pza,18400.0,"Ventana en aluminio color negro linea nacional de 3"" con cristal transparente 6mm de 1.5 x 2","descripción repetida · ganó por regla — mismo precio, clave mayor"
CNL15031,CNL-0031,Cancelería y Aluminio,CNL,SI,FIJO,,pza,6900.0,"Ventana en aluminio color negro linea nacional de 3"" con cristal transparente 6mm de 1.3 x 1.6",
ALB8135,ALB-0135,Albañilerías,ALB,NO,FIJO,,m²,346.89,"Aplanado fino en muros a plomo y regla con mezcla mortero cemento gris-arena en proporción 1:4, en 2.5 cm de espesor, incluye repellado pulido con llana, a una altura de 0.00 a 2.50 m","BAJA · descripción repetida, mismo precio · clave activa: ALB-0147"
ALB8136,ALB-0136,Albañilerías,ALB,NO,FIJO,,m,134.66,"Emboquillado y perfilado en arista de muro repellado con mezcla mortero cemento gris-arena en proporción 1:4, a una altura de 0.00 a 2.50 m","BAJA · descripción repetida, mismo precio · clave activa: ALB-0154"
ALB8137,ALB-0137,Albañilerías,ALB,NO,FIJO,,m³,399.16,Relleno compactado con compactador manual de placa vibratoria utilizando al 90% material producto de los trabajos de la obra,"BAJA · descripción repetida, mismo precio · clave activa: ALB-0149"
ALB8138,ALB-0138,Albañilerías,ALB,NO,FIJO,,m³,1465.66,"Relleno de tepetate compactado con pisón de mano en capas de 20 cm de espesor, utilizando material producto de los trabajos de la obra","BAJA · descripción repetida, mismo precio · clave activa: PRE-0029"
ALB8139,ALB-0139,Albañilerías,ALB,NO,FIJO,,m²,544.49,"Firme de concreto hidráulico hecho en obra f'c=100 kg/cm2, simple (con acero de refuerzo), de 8 cm de espesor, resistencia normal (a los 28 días), agregado máximo de 38 mm (1 1/2&quot;), revenimiento de 10 cm +/- 2.5","BAJA · descripción repetida, mismo precio · clave activa: ALB-0151"
ALB8140,ALB-0140,Albañilerías,ALB,NO,FIJO,,m²,1559.19,"Loza-plano de concreto, 12 cm de peralte, de concreto hidráulico hecho en obra f'c=200 kg/cm2, resistencia normal (a los 28 días), agregado máximo de 19 mm (3/4&quot;), revenimiento de 10 cm +/- 2.5 cm, reforzada con 72 kg/m3 de acero fy=4,200 kg/cm2, incluye cimbra común","BAJA · descripción repetida, mismo precio · clave activa: ALB-0152"
ALB8141,ALB-0141,Albañilerías,ALB,NO,FIJO,,m²,346.89,"Aplanado fino en muros a plomo y regla con mezcla mortero cemento gris-arena en proporción 1:4, en 2.5 cm de espesor, incluye repellado pulido con plana. a una altura de 0.00 a 2.50 m","BAJA · descripción repetida, mismo precio · clave activa: ALB-0153"
ALB8142,ALB-0142,Albañilerías,ALB,NO,FIJO,,m,134.66,"Emboquillado y perfilado en arista de muro repellado con mezcla mortero cemento gris-arena en proporción 1:4, a una altura de 0.00 a 2.50 m","BAJA · descripción repetida, mismo precio · clave activa: ALB-0154"
ALB8143,ALB-0143,Albañilerías,ALB,NO,FIJO,,m,531.56,Cimbra común en losa con tarimas de 50 x 100 cm,"BAJA · descripción repetida, mismo precio · clave activa: ALB-0155"
ALB8144,ALB-0144,Albañilerías,ALB,NO,FIJO,,m,1559.19,"Losa plana en estructura, 12 cm de peralte, de concreto hidráulico hecho en obra f'c=250 kg/cm2, resistencia normal (a los 28 días), agregado máximo de 19 mm (3/4""), revenimiento de 10 cm +/- 2.5 cm, reforzada con 72 kg/m3 de acero fy=4,200 kg/cm2, incluye cimbra común","BAJA · descripción repetida, mismo precio · clave activa: ALB-0156"
ALB8145,ALB-0145,Albañilerías,ALB,NO,FIJO,,m,1465.75,"Columna en estructura de 20 x 30 cm de concreto hidráulico hecho en obra f'c=200 kg/cm2, resistencia normal (a los 28 días), agregado máximo de 19 mm (3/4""), revenimiento de 10 cm +/- 2.5 cm, reforzada con 180 kg/m3 de acero fy=4,200 kg/cm2, incluye cimbra común y descimbra","BAJA · descripción repetida, mismo precio · clave activa: ALB-0157"
ALB8146,ALB-0146,Albañilerías,ALB,NO,FIJO,,m,1106.27,"Trabe en estructura de 15 cm x 30 cm de concreto hidráulico hecho en obra f'c=250 kg/cm2, resistencia normal (a los 28 días), agregado máximo de 19 mm (3/4""), revenimiento de 10 cm +/- 2.5 cm, reforzada con 130 kg/m3 de acero fy=4,200 kg/cm2, incluye cimbra común y descimbra","BAJA · descripción repetida, mismo precio · clave activa: ALB-0158"
ACA9049,ACA-0050,Acabados,ACA,NO,FIJO,,m²,168.06,"Pintura vinílica marca Vinimex o similar sobre muros y plafones de mezcla fina, incluye suministro y aplicación a una mano de sellador y dos manos de pintura","BAJA · descripción repetida, mismo precio · clave activa: ACA-0051"
HRR10037,HRR-0035,Herrería,HRR,NO,FIJO,,m,2106.89,Barandal de herrería,"BAJA · descripción repetida, mismo precio · clave activa: HRR-0036"
DIS7022,DIS-0022,Desmantelaciones,DIS,NO,FIJO,,lote,5850.0,Desmantelamientos de tuberías existentes.,"BAJA · descripción repetida, mismo precio · clave activa: DIS-0023"
HSI14040,HSI-0040,Instalaciones Hidrosanitarias,HSI,NO,FIJO,,lote,1430.0,Pruebas de presión hidráulica. Colocación de tapones y presurización de instalación hidráulica.,"BAJA · descripción repetida, mismo precio · clave activa: HSI-0048"
HSI14041,HSI-0041,Instalaciones Hidrosanitarias,HSI,NO,FIJO,,lote,2990.0,Reemplazo de bajadas de fierro fundido por PVC sanitario. Se incluyen solamente las que tienen fuga.,"BAJA · descripción repetida, mismo precio · clave activa: HSI-0049"
HSI14042,HSI-0042,Instalaciones Hidrosanitarias,HSI,SI,FIJO,,lote,20150.0,"Instalación de: lavabo, wc, regadera, coladera, cuadro de control, adaptaciones de fierro fundido a PVC y tuberías hidráulicas de tuboplus.","descripción repetida · conservada por regla — precio distinto, no se fusiona"
HSI14043,HSI-0043,Instalaciones Hidrosanitarias,HSI,SI,FIJO,,lote,20150.0,"Instalación de: lavabo, wc, regadera, coladera, cuadro de control, adaptaciones de fierro fundido a PVC y tuberías hidráulicas de tuboplus.","descripción repetida · conservada por regla — precio distinto, no se fusiona"
HSI14044,HSI-0044,Instalaciones Hidrosanitarias,HSI,SI,FIJO,,lote,21580.0,"Instalación de: lavabo, wc, regadera, coladera, cuadro de control, adaptaciones de fierro fundido a PVC y tuberías hidráulicas de tuboplus.","descripción repetida · conservada por regla — precio distinto, no se fusiona"
HSI14045,HSI-0045,Instalaciones Hidrosanitarias,HSI,NO,FIJO,,lote,15990.0,"Instalación de: lavabo, wc, coladera, cuadro de control, adaptaciones de fierro fundido a PVC y tuberías hidráulicas de tuboplus.","BAJA · descripción repetida, mismo precio · clave activa: HSI-0053"
HSI14046,HSI-0046,Instalaciones Hidrosanitarias,HSI,NO,FIJO,,lote,7800.0,Líneas hidráulicas de alimentación.,"BAJA · descripción repetida, mismo precio · clave activa: HSI-0054"
HSI14047,HSI-0047,Instalaciones Hidrosanitarias,HSI,NO,FIJO,,lote,2600.0,Cambio de calentadores (2). Montar y desmontar,"BAJA · descripción repetida, mismo precio · clave activa: HSI-0055"
CNL15032,CNL-0032,Cancelería y Aluminio,CNL,NO,FIJO,,pza,8740.0,Domo escaleras de 1.2 x 2 cristal claro 9 mm,"BAJA · descripción repetida, mismo precio · clave activa: CNL-0033"
CAR23053,CAR-0045,Carpintería,CAR,NO,FIJO,,pza,38720.0,"Fabricacion y montaje de Puerta de acceso principal de 2 hojas fabricada en madera maciza de roble o cedro con marco de herreria; el precio incluye: tratamiento para intemperie, material, herramienta, montaje y todo lo necesario para su correcta ejecución. NOTA. no incluye manija ni cerradura.","BAJA · descripción repetida, mismo precio · clave activa: CAR-0049"
CAR23054,CAR-0046,Carpintería,CAR,NO,FIJO,,pza,8225.56,"Fabricación y montaje de Puerta de tambor para interiores, fabricada con triplay de pino, con bastidor de madera maciza de pino y marco de pino; el precio incluye: material, herramienta, montaje y todo lo necesario para su correcta ejecución. NOTA. no incluye manija ni cerradura.","BAJA · descripción repetida, mismo precio · clave activa: CAR-0050"
CAR23055,CAR-0047,Carpintería,CAR,NO,FIJO,,pza,41140.0,"Fabricación y montaje de Closet en Recámara en Planta Baja fabricado en triplay de encino o roble y con acabado bartiz mate; el precio incluye: material, herramienta, montaje y todo lo necesario para su correcta ejecución.","BAJA · descripción repetida, mismo precio · clave activa: CAR-0051"
CAR23056,CAR-0048,Carpintería,CAR,NO,FIJO,,pza,39490.0,"Fabricación y montaje de Closet en Recámara 1 en Planta Alta fabricado en triplay de encino o roble y con acabado bartiz mate; el precio incluye: material, herramienta, montaje y todo lo necesario para su correcta ejecución.","BAJA · descripción repetida, mismo precio · clave activa: CAR-0052"
ALB8147,ALB-0147,Albañilerías,ALB,SI,FIJO,,m²,346.89,"Aplanado fino en muros a plomo y regla con mezcla mortero cemento gris-arena en proporción 1:4, en 2.5 cm de espesor, incluye repellado pulido con llana, a una altura de 0.00 a 2.50 m","descripción repetida · ganó por regla — mismo precio, clave mayor"
ALB8148,ALB-0148,Albañilerías,ALB,NO,FIJO,,m,134.66,"Emboquillado y perfilado en arista de muro repellado con mezcla mortero cemento gris-arena en proporción 1:4, a una altura de 0.00 a 2.50 m","BAJA · descripción repetida, mismo precio · clave activa: ALB-0154"
ALB8149,ALB-0149,Albañilerías,ALB,SI,FIJO,,m³,399.16,Relleno compactado con compactador manual de placa vibratoria utilizando al 90% material producto de los trabajos de la obra,"descripción repetida · ganó por regla — mismo precio, clave mayor"
ALB8150,ALB-0150,Albañilerías,ALB,NO,FIJO,,m³,1465.66,"Relleno de tepetate compactado con pisón de mano en capas de 20 cm de espesor, utilizando material producto de los trabajos de la obra","BAJA · descripción repetida, mismo precio · clave activa: PRE-0029"
ALB8151,ALB-0151,Albañilerías,ALB,SI,FIJO,,m²,544.49,"Firme de concreto hidráulico hecho en obra f'c=100 kg/cm2, simple (con acero de refuerzo), de 8 cm de espesor, resistencia normal (a los 28 días), agregado máximo de 38 mm (1 1/2&quot;), revenimiento de 10 cm +/- 2.5","descripción repetida · ganó por regla — mismo precio, clave mayor"
ALB8152,ALB-0152,Albañilerías,ALB,SI,FIJO,,m²,1559.19,"Loza-plano de concreto, 12 cm de peralte, de concreto hidráulico hecho en obra f'c=200 kg/cm2, resistencia normal (a los 28 días), agregado máximo de 19 mm (3/4&quot;), revenimiento de 10 cm +/- 2.5 cm, reforzada con 72 kg/m3 de acero fy=4,200 kg/cm2, incluye cimbra común","descripción repetida · ganó por regla — mismo precio, clave mayor"
ALB8153,ALB-0153,Albañilerías,ALB,SI,FIJO,,m²,346.89,"Aplanado fino en muros a plomo y regla con mezcla mortero cemento gris-arena en proporción 1:4, en 2.5 cm de espesor, incluye repellado pulido con plana. a una altura de 0.00 a 2.50 m","descripción repetida · ganó por regla — mismo precio, clave mayor"
ALB8154,ALB-0154,Albañilerías,ALB,SI,FIJO,,m,134.66,"Emboquillado y perfilado en arista de muro repellado con mezcla mortero cemento gris-arena en proporción 1:4, a una altura de 0.00 a 2.50 m","descripción repetida · ganó por regla — mismo precio, clave mayor"
ALB8155,ALB-0155,Albañilerías,ALB,SI,FIJO,,m,531.56,Cimbra común en losa con tarimas de 50 x 100 cm,"descripción repetida · ganó por regla — mismo precio, clave mayor"
ALB8156,ALB-0156,Albañilerías,ALB,SI,FIJO,,m,1559.19,"Losa plana en estructura, 12 cm de peralte, de concreto hidráulico hecho en obra f'c=250 kg/cm2, resistencia normal (a los 28 días), agregado máximo de 19 mm (3/4""), revenimiento de 10 cm +/- 2.5 cm, reforzada con 72 kg/m3 de acero fy=4,200 kg/cm2, incluye cimbra común","descripción repetida · ganó por regla — mismo precio, clave mayor"
ALB8157,ALB-0157,Albañilerías,ALB,SI,FIJO,,m,1465.75,"Columna en estructura de 20 x 30 cm de concreto hidráulico hecho en obra f'c=200 kg/cm2, resistencia normal (a los 28 días), agregado máximo de 19 mm (3/4""), revenimiento de 10 cm +/- 2.5 cm, reforzada con 180 kg/m3 de acero fy=4,200 kg/cm2, incluye cimbra común y descimbra","descripción repetida · ganó por regla — mismo precio, clave mayor"
ALB8158,ALB-0158,Albañilerías,ALB,SI,FIJO,,m,1106.27,"Trabe en estructura de 15 cm x 30 cm de concreto hidráulico hecho en obra f'c=250 kg/cm2, resistencia normal (a los 28 días), agregado máximo de 19 mm (3/4""), revenimiento de 10 cm +/- 2.5 cm, reforzada con 130 kg/m3 de acero fy=4,200 kg/cm2, incluye cimbra común y descimbra","descripción repetida · ganó por regla — mismo precio, clave mayor"
ACA9050,ACA-0051,Acabados,ACA,SI,FIJO,,m²,168.06,"Pintura vinílica marca Vinimex o similar sobre muros y plafones de mezcla fina, incluye suministro y aplicación a una mano de sellador y dos manos de pintura","descripción repetida · ganó por regla — mismo precio, clave mayor"
HRR10038,HRR-0036,Herrería,HRR,SI,FIJO,,m,2106.89,Barandal de herrería,"descripción repetida · ganó por regla — mismo precio, clave mayor"
DIS7023,DIS-0023,Desmantelaciones,DIS,SI,FIJO,,lote,5850.0,Desmantelamientos de tuberías existentes.,"descripción repetida · ganó por regla — mismo precio, clave mayor"
HSI14048,HSI-0048,Instalaciones Hidrosanitarias,HSI,SI,FIJO,,lote,1430.0,Pruebas de presión hidráulica. Colocación de tapones y presurización de instalación hidráulica.,"descripción repetida · ganó por regla — mismo precio, clave mayor"
HSI14049,HSI-0049,Instalaciones Hidrosanitarias,HSI,SI,FIJO,,lote,2990.0,Reemplazo de bajadas de fierro fundido por PVC sanitario. Se incluyen solamente las que tienen fuga.,"descripción repetida · ganó por regla — mismo precio, clave mayor"
HSI14050,HSI-0050,Instalaciones Hidrosanitarias,HSI,SI,FIJO,,lote,20150.0,"Instalación de: lavabo, wc, regadera, coladera, cuadro de control, adaptaciones de fierro fundido a PVC y tuberías hidráulicas de tuboplus.","descripción repetida · conservada por regla — precio distinto, no se fusiona"
HSI14051,HSI-0051,Instalaciones Hidrosanitarias,HSI,SI,FIJO,,lote,20150.0,"Instalación de: lavabo, wc, regadera, coladera, cuadro de control, adaptaciones de fierro fundido a PVC y tuberías hidráulicas de tuboplus.","descripción repetida · conservada por regla — precio distinto, no se fusiona"
HSI14052,HSI-0052,Instalaciones Hidrosanitarias,HSI,SI,FIJO,,lote,21580.0,"Instalación de: lavabo, wc, regadera, coladera, cuadro de control, adaptaciones de fierro fundido a PVC y tuberías hidráulicas de tuboplus.","descripción repetida · conservada por regla — precio distinto, no se fusiona"
HSI14053,HSI-0053,Instalaciones Hidrosanitarias,HSI,SI,FIJO,,lote,15990.0,"Instalación de: lavabo, wc, coladera, cuadro de control, adaptaciones de fierro fundido a PVC y tuberías hidráulicas de tuboplus.","descripción repetida · ganó por regla — mismo precio, clave mayor"
HSI14054,HSI-0054,Instalaciones Hidrosanitarias,HSI,SI,FIJO,,lote,7800.0,Líneas hidráulicas de alimentación.,"descripción repetida · ganó por regla — mismo precio, clave mayor"
CNL15033,CNL-0033,Cancelería y Aluminio,CNL,SI,FIJO,,pza,8740.0,Domo escaleras de 1.2 x 2 cristal claro 9 mm,"descripción repetida · ganó por regla — mismo precio, clave mayor"
CAR23057,CAR-0049,Carpintería,CAR,SI,FIJO,,pza,38720.0,"Fabricacion y montaje de Puerta de acceso principal de 2 hojas fabricada en madera maciza de roble o cedro con marco de herreria; el precio incluye: tratamiento para intemperie, material, herramienta, montaje y todo lo necesario para su correcta ejecución. NOTA. no incluye manija ni cerradura.","descripción repetida · ganó por regla — mismo precio, clave mayor"
CAR23058,CAR-0050,Carpintería,CAR,SI,FIJO,,pza,8225.56,"Fabricación y montaje de Puerta de tambor para interiores, fabricada con triplay de pino, con bastidor de madera maciza de pino y marco de pino; el precio incluye: material, herramienta, montaje y todo lo necesario para su correcta ejecución. NOTA. no incluye manija ni cerradura.","descripción repetida · ganó por regla — mismo precio, clave mayor"
CAR23059,CAR-0051,Carpintería,CAR,SI,FIJO,,pza,41140.0,"Fabricación y montaje de Closet en Recámara en Planta Baja fabricado en triplay de encino o roble y con acabado bartiz mate; el precio incluye: material, herramienta, montaje y todo lo necesario para su correcta ejecución.","descripción repetida · ganó por regla — mismo precio, clave mayor"
CAR23060,CAR-0052,Carpintería,CAR,SI,FIJO,,pza,39490.0,"Fabricación y montaje de Closet en Recámara 1 en Planta Alta fabricado en triplay de encino o roble y con acabado bartiz mate; el precio incluye: material, herramienta, montaje y todo lo necesario para su correcta ejecución.","descripción repetida · ganó por regla — mismo precio, clave mayor"
CAR23061,CAR-0053,Carpintería,CAR,SI,FIJO,,pza,80850.0,"Fabricación y montaje de Vestidor fabricado en triplay de encino o roble y con acabado bartiz mate; el precio incluye: material, herramienta, montaje y todo lo necesario para su correcta ejecución.",
CAR23062,CAR-0054,Carpintería,CAR,SI,FIJO,,pza,137600.0,"Fabricación y montaje de Cocina, gabinetes fabricados en su interior de triplay de pino, forrados con formaica blanca; frentes o puertas fabricados en madera maciza de roble para lograr el acabado que se mostró en fotografía por parte del cliente. Se contemplan herrajes de cierre lento tanto en correderas como en bisagras, uñero perfil gola; el precio incluye: material, herramienta, montaje y todo lo necesario para su correcta ejecución.",
CAR23063,CAR-0055,Carpintería,CAR,SI,FIJO,,pza,44220.0,"Fabricación y montaje de Cubierta en Cocina fabricada en cuarzo blanco con nariz de 4cm a 45° y zoclo de 7cm; el precio incluye: material, herramienta, montaje y todo lo necesario para su correcta ejecución.",
HSI14055,HSI-0055,Instalaciones Hidrosanitarias,HSI,SI,FIJO,,lote,2600.0,Cambio de calentadores (2). Montar y desmontar,"descripción repetida · ganó por regla — mismo precio, clave mayor"
PRY0007,PRY-0007,Proyecto,PRY,SI,FIJO,,m³,7779.02,"Demolición con herramienta de mano de concreto armado en elementos estructurales sin recuperación de acero, de 0.00 a 2.50 m de altura, no incluye acarreo de escombro","descripción repetida · conservada por regla — precio distinto, no se fusiona"
PRY0008,PRY-0008,Proyecto,PRY,SI,FIJO,,m³,2302.21,"Demolición con herramienta de mano de muro piedra braza en cimentación hasta .50 m de profundidad, no incluye acarreo de escombro",
PRY0009,PRY-0009,Proyecto,PRY,SI,FIJO,,m³,7673.93,"Demolición con herramienta de mano de concreto armado en cimentación sin recuperación de acero, no incluye acarreo de escombro","descripción repetida · conservada por regla — precio distinto, no se fusiona"
PRY0010,PRY-0010,Proyecto,PRY,SI,FIJO,,m²,87.92,"Demolición con herramienta de mano de muro de tabique de barro recocido de 14 cm, con recuperación de material, de 0.00 a 2.50 m de altura, no incluye acarreo de escombro","descripción repetida · conservada por regla — precio distinto, no se fusiona"
PRY0011,PRY-0011,Proyecto,PRY,SI,FIJO,,m³,19109.76,"Dala de cimentación de .80 x .80 x .20 cm de concreto hidráulico hecho en obra f'c=250 kg/cm2, resistencia normal (a los 28 días), agregado máximo de 19 mm (3/4&quot;), revenimiento de 10 cm +/- 2.5 cm, reforzado con 180 kg/m2 de acero fy=4,200 kg/cm2, incluye cimbra común y descimbra",
PRY0012,PRY-0012,Proyecto,PRY,SI,FIJO,,m,512.72,"Dala o cadena de desplante de 10 cm x 20 cm de sección, concreto hidráulico hecho en obra f'c=150 kg/cm2, resistencia normal (a los 28 días), agregado máximo de 19 mm (3/4&quot;), revenimiento de 10 cm +/- 2.5 cm de sección, reforzada con 4 varillas corrugada de acero alta resistencia fy = 6000 kg/cm2 número 2.5 (5/16&quot;) y estribos de alambrón liso de acero de 1/4&quot; (calibre 2) a",
PRY0013,PRY-0013,Proyecto,PRY,SI,FIJO,,m²,4583.95,"Muro de concreto en 20 cm de espesor, de concreto hidráulico hecho en obra f'c=200 kg/cm2, resistencia normal (a los 28 días), agregado máximo de 19 mm (3/4&quot;), revenimiento de 10 cm +/- 2.5 cm, reforzado con 180 kg/m3 de acero fy=4,200 kg/cm2, incluye acero y cimbra",
PRY0014,PRY-0014,Proyecto,PRY,SI,FIJO,,m²,2810.05,"Muro de tabique de barro rojo cocido en 12.5 cm de espesor, incluye dalas y castillos, aplanado en dos caras con mortero cemento – arena",
PRY0015,PRY-0015,Proyecto,PRY,NO,FIJO,,m²,445.31,"Aplanado fino en muros a plomo y regla con mezcla mortero cemento gris-arena en proporción 1:3, en 2.5 cm de espesor, incluye repellado pulido con plana, a una altura de 0.00 a 2.50 m","BAJA · descripción repetida, mismo precio · clave activa: PRY-0034"
PRY0016,PRY-0016,Proyecto,PRY,SI,FIJO,,m²,4294.12,"Estructura de concreto para 2 niveles. Incluye muros de carga, columnas, trabes, rampa de escalera y losa plana de 10 cm de espesor.",
PRY0017,PRY-0017,Proyecto,PRY,NO,FIJO,,m²,631.61,"Firme de concreto hidráulico hecho en obra f'c=100 kg/cm2, simple (con acero de refuerzo), de 8 cm de espesor, resistencia normal (a los 28 días), agregado máximo de 38 mm (1 1/2&quot;), revenimiento de 10 cm +/- 2.5 cm","BAJA · descripción repetida, mismo precio · clave activa: PRY-0032"
PRY0018,PRY-0018,Proyecto,PRY,NO,FIJO,,m²,1808.66,"Losa plana en estructura, 12 cm de peralte, de concreto hidráulico hecho en obra f'c=200 kg/cm2, resistencia normal (a los 28 días), agregado máximo de 19 mm (3/4&quot;), revenimiento de 10 cm +/- 2.5 cm, reforzada con 72 kg/m3 de acero fy=4,200 kg/cm2, incluye cimbra común","BAJA · descripción repetida, mismo precio · clave activa: PRY-0035"
PRY0019,PRY-0019,Proyecto,PRY,SI,FIJO,,m²,667.5,Entortado para recibir impermeabilizante con peralte de mortero cemento-arena en proporción,
PRY0020,PRY-0020,Proyecto,PRY,SI,FIJO,,m³,14361.07,"Losa plana en estructura, 12 cm de peralte, de concreto hidráulico hecho en obra f'c=250 kg/cm2, resistencia normal (a los 28 días), agregado máximo de 19 mm (3/4&quot;), revenimiento de 10 cm +/- 2.5 cm, reforzada con 80 kg/m3 de acero fy=4,200 kg/cm2, incluye cimbra y descimbra de plantilla de concreto hidráulico hecho",
PRY0021,PRY-0021,Proyecto,PRY,SI,FIJO,,m,2527.73,"Contratrabe de cimentación corrida de .20 x .60 cm, de concreto hidráulico hecho en obra f'c=200 kg/cm2, resistencia normal (a los 28 días), agregado máximo de 19 mm (3/4&quot;), revenimiento de 10 cm +/- 2.5 cm, reforzada con 110 kg/m3 de acero fy=4,200 kg/cm2, incluye cimbra y descimbra",
PRY0022,PRY-0022,Proyecto,PRY,NO,FIJO,,m²,3199.96,"Muro de tabique de barro rojo cocido en 12.5 cm de espesor, incluye dalas y castillos, aplanado en dos caras con mortero cemento – arena y pintura vinílica.","BAJA · descripción repetida, mismo precio · clave activa: PRY-0037"
PRY0023,PRY-0023,Proyecto,PRY,SI,FIJO,,m³,463.03,"Relleno compactado con compactador manual de placa vibratoria, utilizando al 90% material producto de los trabajos de la obra.",
PRY0024,PRY-0024,Proyecto,PRY,SI,FIJO,,m³,1700.17,"Relleno de tepetate compactado con pisón de mano en cepas de 30 cm de espesor, utilizando material producto de los trabajos de la obra.",
PRY0025,PRY-0025,Proyecto,PRY,NO,FIJO,,m²,631.61,"Firme de concreto hidráulico hecho en obra f'c=100 kg/cm2, simple (con acero de refuerzo), de 8 cm de espesor, resistencia normal (a los 28 días), agregado máximo de 38 mm (1 1/2&quot;), revenimiento de 10 cm +/- 2.5 cm","BAJA · descripción repetida, mismo precio · clave activa: PRY-0032"
PRY0026,PRY-0026,Proyecto,PRY,NO,FIJO,,m²,3199.96,"Muro de tabique de barro rojo cocido en 12.5 cm de espesor, incluye dalas y castillos, aplanado en dos caras con mortero cemento – arena y pintura vinílica.","BAJA · descripción repetida, mismo precio · clave activa: PRY-0037"
PRY0027,PRY-0027,Proyecto,PRY,NO,FIJO,,m²,1808.66,"Losa plana en estructura, 12 cm de peralte, de concreto hidráulico hecho en obra f'c=200 kg/cm2, resistencia normal (a los 28 días), agregado máximo de 19 mm (3/4&quot;), revenimiento de 10 cm +/- 2.5 cm, reforzada con 72 kg/m3 de acero fy=4,200 kg/cm2, incluye cimbra común","BAJA · descripción repetida, mismo precio · clave activa: PRY-0035"
PRY0028,PRY-0028,Proyecto,PRY,SI,FIJO,,m,4356.21,"Contratrabe de cimentación corrida de .20 x .60 cm, de concreto hidráulico hecho en obra f'c=200 kg/cm2, resistencia normal (a los 28 días), agregado máximo de 19 mm (3/4&quot;), revenimiento de 10 cm +/- 2.5 cm, reforzada con 130 kg/m3 de acero fy=4,200 kg/cm2, incluye cimbra y descimbra",
PRY0029,PRY-0029,Proyecto,PRY,NO,FIJO,,m²,3199.96,"Muro de tabique de barro rojo cocido en 12.5 cm de espesor, incluye dalas y castillos, aplanado en dos caras con mortero cemento – arena y pintura vinílica.","BAJA · descripción repetida, mismo precio · clave activa: PRY-0037"
PRY0030,PRY-0030,Proyecto,PRY,SI,FIJO,,m,545.77,"Castillo de confinamiento de concreto hidráulico hecho en obra de 12 x 15 cm de sección, cimbra a 2 caras, concreto f'c=150 kg/cm2, resistencia normal (a los 28 días), agregado máximo de 19 mm (3/4&quot;), revenimiento de 10 cm +/- 2.5 cm de sección, reforzado con 4 varillas corrugadas de acero alta resistencia fy = 6000 kg/cm2 número 2.5 (5/16&quot;) y estribos de alambrón liso de acero de 1/4&quot; (calibre 2) a cada 20 cm, incluye cimbra y descimbra a una altura de 0.00",
PRY0031,PRY-0031,Proyecto,PRY,SI,FIJO,,m³,2153.71,"Relleno de tezontle en azotea, incluye tendido y apisonado","descripción repetida · conservada por regla — precio distinto, no se fusiona"
PRY0032,PRY-0032,Proyecto,PRY,SI,FIJO,,m²,631.61,"Firme de concreto hidráulico hecho en obra f'c=100 kg/cm2, simple (con acero de refuerzo), de 8 cm de espesor, resistencia normal (a los 28 días), agregado máximo de 38 mm (1 1/2&quot;), revenimiento de 10 cm +/- 2.5 cm","descripción repetida · ganó por regla — mismo precio, clave mayor"
PRY0033,PRY-0033,Proyecto,PRY,NO,FIJO,,m²,3199.96,"Muro de tabique de barro rojo cocido en 12.5 cm de espesor, incluye dalas y castillos, aplanado en dos caras con mortero cemento – arena y pintura vinílica.","BAJA · descripción repetida, mismo precio · clave activa: PRY-0037"
PRY0034,PRY-0034,Proyecto,PRY,SI,FIJO,,m²,445.31,"Aplanado fino en muros a plomo y regla con mezcla mortero cemento gris-arena en proporción 1:3, en 2.5 cm de espesor, incluye repellado pulido con plana, a una altura de 0.00 a 2.50 m","descripción repetida · ganó por regla — mismo precio, clave mayor"
PRY0035,PRY-0035,Proyecto,PRY,SI,FIJO,,m²,1808.66,"Losa plana en estructura, 12 cm de peralte, de concreto hidráulico hecho en obra f'c=200 kg/cm2, resistencia normal (a los 28 días), agregado máximo de 19 mm (3/4&quot;), revenimiento de 10 cm +/- 2.5 cm, reforzada con 72 kg/m3 de acero fy=4,200 kg/cm2, incluye cimbra común","descripción repetida · ganó por regla — mismo precio, clave mayor"
PRY0036,PRY-0036,Proyecto,PRY,SI,FIJO,,m²,397.04,"Entortado en azotea de 5 a 3 cm de espesor, con mezcla mortero hidráulico-arena en proporción 1:5",
PRY0037,PRY-0037,Proyecto,PRY,SI,FIJO,,m²,3199.96,"Muro de tabique de barro rojo cocido en 12.5 cm de espesor, incluye dalas y castillos, aplanado en dos caras con mortero cemento – arena y pintura vinílica.","descripción repetida · ganó por regla — mismo precio, clave mayor"
PRY0038,PRY-0038,Proyecto,PRY,SI,FIJO,,m²,373.75,"Aplanado de estuco fino, acabado con redimix en muros a plomo y regla.","descripción repetida · conservada por regla — precio distinto, no se fusiona"
PRY0039,PRY-0039,Proyecto,PRY,SI,FIJO,,un,9000.0,"Monto de mano de obra de preliminares: ranurados, canalizaciones y preparaciones generales.",
PRY0040,PRY-0040,Proyecto,PRY,SI,FIJO,,un,10655.0,"Tablero Eléctrico de obra. Consistente en cable No.6, interruptor de navajas, Q2 y 6 contactos. Incluye: materiales y mano de obra.",
PRY0041,PRY-0041,Proyecto,PRY,SI,FIJO,,un,6000.0,"Monto de mano de obra de preliminares: pruebas, desmontajes y preparaciones generales.",
PRY0043,PRY-0042,Proyecto,PRY,SI,FIJO,,pza,800.0,Dibujo y distribución de planta arquitectónica (base anteproyecto + ajustes de obra). Incluye PDF para correcciones (hasta 4) y DWG del dibujo.,
PRY0044,PRY-0043,Proyecto,PRY,SI,FIJO,,lote,1400.0,"Proyecto ejecutivo: planos
arquitectónicos, luminarias y contactos, correcciones de distribución, datos generales, planta de azotea con
ósmosis, actualización de datos. 4 planos entregados: planta arq., plomería, eléctrico (luminarias y contactos),
ósmosis.",
PRY0045,PRY-0044,Proyecto,PRY,SI,FIJO,,lote,3000.0,"Revisión de PDFs base Hospital Tulum. Presentación conceptual del Hospital de Toluca (láminas + presentación ejecutiva). Modelado 3D del hospital con mobiliario, cortes por fachada y plantas arquitectónicas en render.",
PRY0046,PRY-0045,Proyecto,PRY,SI,FIJO,,lote,15000.0,"Investigación, redacción y diseño editorial. Migración APA 7, referencias y bibliografías, FODA, índice interactivo (solicitado), epílogo, presentación en Keynote, edición de cartas para titulación, ~7 versiones de tesina, numerosos renders para la presentación.",
TYD11017,TYD-0017,Tablaroca y Durock,TYD,SI,FIJO,,lote,5632.67,"Lote de reparacion para falso plafon con panel yeso a nivel con espesor de 2 cm, eliminacion de material existente dañado.",
PRY0047,PRY-0046,Proyecto,PRY,SI,FIJO,,lote,5000.0,"Realizacion de renders de stand 5x5x3 para Booth de DHL Fanzone en F1 MEXICO GP 2025. Incluye correcciones, hasta 4 versiones de modelo y pack de renders por cada version.",
BNS0001,BNS-0001,Booths n Stands,BNS,SI,FIJO,,jornada,2000.0,Supervision de montaje (viaticos no incluidos).,
PRY0048,PRY-0047,Proyecto,PRY,SI,FIJO,,PZA,1.4,FLYERS PARA PROMO,
DIS7024,DIS-0024,Desmantelaciones,DIS,SI,FIJO,,lote,1462.96,"Cancelación de salidas hidráulicas y eléctricas a piso; incluye sellado, del área intervenida, herramienta y mano de obra.",
ELE12066,ELE-0066,Instalaciones Eléctricas,ELE,SI,FIJO,,sal,260.0,Instalacion de salidas para lamparas. solo mano de obra.,
ELE12067,ELE-0067,Instalaciones Eléctricas,ELE,SI,FIJO,,pza,268.24,Suministro de lampara dirigible. No incluye foco.,
ELE12068,ELE-0068,Instalaciones Eléctricas,ELE,SI,FIJO,,pza,65.0,"Suministro de foco para canope bellagio modelo GU10 de led Marca ADESI, 7w","descripción repetida · ganó por regla — mismo precio, clave mayor"
ELE12069,ELE-0069,Instalaciones Eléctricas,ELE,SI,FIJO,,pza,673.53,"Suministro de lampara panel colgante/empotrable 60x60 cm, 45w, 6500k, LED.",
ELE12070,ELE-0070,Instalaciones Eléctricas,ELE,SI,FIJO,,lote,1375.0,Suministro de tira LED 2835k 110v.,
ELE12071,ELE-0071,Instalaciones Eléctricas,ELE,SI,FIJO,,pza,87.68,Suministro de lamparas empotrables cuadradas 6500k luz de dia.,
ELE12072,ELE-0072,Instalaciones Eléctricas,ELE,SI,FIJO,,lote,10000.0,"Lote de material electrico estimado para cableado, conectores, tuberias, tapas y registros, cintas, terminales, taquetes, tapas ciegas, apagadores, sensores, etc.",
TYD11018,TYD-0018,Tablaroca y Durock,TYD,SI,FIJO,,lote,2327.93,"Reparacion de muros y plafones de tablaroca, que incluye corte de area dañada, colocacion de refuerzos, resanes, lijado, prefacinta, perfilado y aplanado con readymix, herramienta y mano de obra necesaria para su correcta ejecucion.",
DIS7033,DIS-0025,Desmantelaciones,DIS,SI,FIJO,,lote,1200.0,"DESMANTELAMIENTO DE CLOSET Y PUERTA, CON RECUPERACIÓN DE ELEMENTOS PARA SU USO EN NUEVA UBICACIÓN.",
DEM5023,DEM-0023,Demoliciones,DEM,SI,FIJO,,m²,250.0,"DEMOLICIÓN DE MURO PARA GENERAR PUERTA PRINCIPAL Y PASILLO DE ACCESO A RECÁMARA. INCLUYE RETIRO DE ESCOMBRO A PIE DE CASA, HERRAMIENTA, MATERIAL Y MANO DE OBRA.",
DEM5024,DEM-0024,Demoliciones,DEM,SI,FIJO,,m²,300.0,"RANURA DE MURO EN BARDA COLINDANTE A MANO, PARA EL ANCLAJE DE CASTILLOS NUEVOS. INCLUYE HERRAMIENTA, RETIRO DE MATERIAL A PIE DE CASA Y MANO DE OBRA.",
DEM5025,DEM-0025,Demoliciones,DEM,SI,FIJO,,pza,400.0,"DEMOLICIÓN DE LOSA DE CONCRETO PARA RANURAS DE ZAPATAS Y CONTRATRABES DE CIMENTACIÓN. DIMENSIONES DE 60 X 60 X 60 CM PARA ZAPATAS Y 25 X 30 PARA CONTRATRABES. INCLUYE HERRAMIENTA, MATERIAL Y MANO DE OBRA.",
DIS7034,DIS-0026,Desmantelaciones,DIS,SI,FIJO,,pza,800.0,"DESMANTELAMIENTO DE PUERTAS DE HERRERIA EN PATIO. INCLUYE HERRAMIENTA, MATERIAL  Y MANO DE OBRA.",
EXV3015,EXV-0015,Excavaciones,EXV,SI,FIJO,,m³,250.0,"EXCAVACIÓN A 25 CM DE PROFUNDIDAD PARA CONTRATRABE DE DESPLANTE EN EJE 2 DE C-D Y EJE 4 DE C-D), INCLUYE AFINE DE TALUDES, HERRAMIENTA MENOR Y MANO DE OBRA.",
CIM4009,CIM-0010,Cimentaciones,CIM,SI,FIJO,,pza,2300.0,"CONSTRUCCIÓN DE ZAPATAS AISLADAS 60 X 60 X 60 CON ACERO DE REFUERZO DEL NO. 3 @15CMS EN AMBOS SENTIDOS CON CONCRETO F'C 200 KG/CM2. INCLUYE PLATILLA DE 5 CMS F'C 100KG /CM2 , HERRAMIENTA, MATERIAL Y MANO DE OBRA.",
CIM4010,CIM-0011,Cimentaciones,CIM,SI,FIJO,,ml,525.0,"CONTRATRABE EN CIMENTACIÓN DE 15 X 25, ARMADA CON ARMEX (15x20) CON CONCRETO F'C 200 KG/CM2 INCLUYE HERRAMIENTA, MATERIAL Y MANO DE OBRA.",
CIM4011,CIM-0012,Cimentaciones,CIM,SI,FIJO,,pza,350.0,"SUMINISTRO Y APLICACIÓN DE IMPERMEABILIZANTE EN ZAPATAS AISLADAS  A BASE DE EMULSIÓN ASFÁLTICA APLICADO CON CEPILLO EN DOS CAPAS CON CARTÓN ASFÁLTICO. INCLUYE HERRAMIENTA MENOR, MATERIAL Y MANO DE OBRA.",
CIM4012,CIM-0013,Cimentaciones,CIM,SI,FIJO,,ml,80.0,"SUMINISTRO Y APLICACIÓN DE IMPERMEABILIZANTE EN  CADENA DE DESPLANTE A BASE DE EMULSIÓN ASFÁLTICA APLICADO CON CEPILLO EN DOS CAPAS CON CARTÓN ASFÁLTICO. INCLUYE HERRAMIENTA MENOR, MATERIAL Y MANO DE OBRA.",
ALB8159,ALB-0159,Albañilerías,ALB,SI,FIJO,,ml,349.65,K1 CASTILLO DE 15 X 20 ARMADO CON ARMEX 11-15-4 CON CONCRETO F'C 250 KG/CM2. ANCLADOS DESDE CIMENTACIÓN.,
ALB8160,ALB-0160,Albañilerías,ALB,SI,FIJO,,ml,270.11,K-ESP CASTILLO ESPECIAL DE 15 X 15 ARMADO CON ARMEX DE 11 X 11 X 4 PARA BAJADA DE AGUA PLUVIAL,"descripción repetida · conservada por regla — precio distinto, no se fusiona"
ALB8161,ALB-0161,Albañilerías,ALB,SI,FIJO,,ml,525.0,"CADENA DE DESPLANTE EN LOSA DE ENTREPISO DE 15 X 25, ARMADA CON ARMEX (15x20) CON CONCRETO F'C 200 KG/CM2 INCLUYE HERRAMIENTA, MATERIAL Y MANO DE OBRA.",
ALB8162,ALB-0162,Albañilerías,ALB,SI,FIJO,,ml,270.11,K2 CASTILLO DE 15 X 15 ARMADO CON ARMEX 11-11-4  CON CONCRETO F'C 250 KG/CM2. PARA CONFINAR VANOS (VENTANAS),
ALB8163,ALB-0163,Albañilerías,ALB,SI,FIJO,,m²,346.39,"MURO DE TEPEZIL ASENTADO CON MORTERO 1:2:7 A PLOMO Y NIVEL CON MEZCLA RECORTADA POR AMBAS CARA. INCLUYE HERRAMIENTA, MATERIAL Y MANO DE OBRA.",
ALB8164,ALB-0164,Albañilerías,ALB,SI,FIJO,,ml,550.0,"CADENA DE DESPLANTE PARA VENTANA EN MURO DE 15 X 15 CON CONCRETO F'C 200 KG/CM2 INCLUYE HERRAMIENTA, MATERIAL Y MANO DE OBRA.",
ALB8165,ALB-0165,Albañilerías,ALB,SI,FIJO,,ml,525.0,"CADENA DE CERRAMIENTO EN LOSA DE AZOTEA DE 15 X 25, ARMADA CON ARMEX (15x20) CON CONCRETO F'C 200 KG/CM2 INCLUYE HERRAMIENTA, MATERIAL Y MANO DE OBRA.",
ALB8166,ALB-0166,Albañilerías,ALB,SI,FIJO,,m²,1065.0,"LOSA DE 25 CMS ARMADA CON VIGUETA DE 12 X 20 CMS (1 VAR NO. 3 EN LECHO SUPERIOR Y 2 VARS NO. 3  EN LECHO INFERIOR, CON ESTRIBOS DEL NO. 2 @15 CMS) CON 5 CM DE LOSA DE COMPRESIÓN Y MALLA ELECTROSOLDADA 6-6  8-8, CON CONCRETO F'C 250 KG/CM2.",
ALB8167,ALB-0167,Albañilerías,ALB,SI,FIJO,,m²,125.0,"IMPERMEABILIZACIÓN CON IMPERMEABILIZANTE FIBRATADO ELASTÓMERICO A BASE DE RESINAS ESTIREN-ACRILICAS CON MICROFIBRAS QUE FORMAN UNA MEMBRANA IMPERMEABLE. APLICADO CON BROCHA Y RODILLO.  INCLUYE ELEVACIÓN DE MATERIALES, HERRAMIENTA MENOR, ESCALERA O ANDAMIO Y MANO DE OBRA. (5 AÑOS)","descripción repetida · conservada por regla — precio distinto, no se fusiona"
ALB8168,ALB-0168,Albañilerías,ALB,SI,FIJO,,m²,250.0,"APLANADO FINO DE MUROS CON MORTERO CEMENTO - ARENA 1:4 HASTA UNA ALTURA DE 3 MTS INCLUYE; MATERIAL, HERRAMIENTA MENOR, ANDAMIOS Y MANO DE OBRA.","descripción repetida · conservada por regla — precio distinto, no se fusiona"
ALB8169,ALB-0169,Albañilerías,ALB,SI,FIJO,,m²,200.0,"APLANADO FINO EN PLAFÓN CON MORTERO CEMENTO - ARENA 1:4 HASTA UNA ALTURA DE 3 MTS INCLUYE; MATERIAL, HERRAMIENTA MENOR, ANDAMIOS Y MANO DE OBRA.","descripción repetida · conservada por regla — precio distinto, no se fusiona"
ALB8170,ALB-0170,Albañilerías,ALB,SI,FIJO,,ml,100.0,"EMBOQUILLADO EN VANOS DE PUERTAS Y VENTANAS; INCLUYE REGLAS, CHAROLAS DE MEZCLA, NIVELACIÓN, PLOMEADO Y PERFILADO DE ARISTAS.","descripción repetida · conservada por regla — precio distinto, no se fusiona"
ALB8171,ALB-0171,Albañilerías,ALB,SI,FIJO,,ml,280.0,"FABRICACIÓN DE PRETIL DE TABIQUE ROJO RECOCIDO DE LA REGIÓN JUNTEADO CON CEMENTO ARENA PROPORCIÓN 1:4 CON UNA ALTURA DE 30 CMS. INCLUYE APLANADO, PERFILADO, EMBOQUILLADO Y CASTILLOS @ 3 METROS CON ARMEX DE 9 X 9 ANCLADO A LOSA DE AZOTEA Y COLADO DE CONCRETO F'C= 200 KG/CM2. INCLUYE ANDAMIOS Y/O ESCALERA, ELEVACIÓN DE MATERIAL, CIMBRADO, DESCIMBRADO, HERRAMIENTA MENOR Y MANO DE OBRA.",
ALB8172,ALB-0172,Albañilerías,ALB,SI,FIJO,,ml,50.0,"FABRICACIÓN DE CHAFLÁN PERIMETRAL CON CEMENTO-ARENA PROP. 1:4; INCLUYE MATERIAL, HERRAMIENTA Y MANO DE OBRA.",
HSI14056,HSI-0056,Instalaciones Hidrosanitarias,HSI,SI,FIJO,,ml,180.0,"SUMINISTRO Y COLOCACIÓN DE PVC DE 3"" PARA BAJADA DE AGUA PLUVIAL, CON TUBERIA DE PVC SANITARIO. INCLUYE HERRAMIENTA, MATERIAL, YEE DE PVC SANITARIO DE 3"", CONEXIONES, COLADERA, SELLADO, SOPORTERIA Y MANO DE OBRA.",
ELE12073,ELE-0073,Instalaciones Eléctricas,ELE,SI,FIJO,,sal,500.0,"SALIDA ELÉCTRICA PARA CONTACTOS CON TUBERIA DE POLIFLEX DE 3/4"", INCLUYE CABLEADO DEL # 10 Y #12, CHALUPAS Y HERRAMIENTA MENOR.","descripción repetida · conservada por regla — precio distinto, no se fusiona"
ELE12074,ELE-0074,Instalaciones Eléctricas,ELE,SI,FIJO,,sal,500.0,"SALIDA ELÉCTRICA PARA LUMINARIAS CON TUBERIA DE POLIFLEX DE 3/4"", INCLUYE CABLEADO DEL #12 Y #14, CHALUPAS Y HERRAMIENTA MENOR.","descripción repetida · conservada por regla — precio distinto, no se fusiona"
ELE12075,ELE-0075,Instalaciones Eléctricas,ELE,SI,FIJO,,sal,500.0,"SALIDA ELÉCTRICA PARA APAGADORES CON TUBERIA DE POLIFLEX DE 3/4"", INCLUYE CABLEADO DEL #12 Y #14, CHALUPAS Y HERRAMIENTA MENOR.","descripción repetida · conservada por regla — precio distinto, no se fusiona"
ELE12076,ELE-0076,Instalaciones Eléctricas,ELE,SI,FIJO,,pza,150.0,CONTACTO DOBLE,"descripción repetida · conservada por regla — precio distinto, no se fusiona"
ELE12077,ELE-0077,Instalaciones Eléctricas,ELE,SI,FIJO,,pza,120.0,APAGADORES,"descripción repetida · conservada por regla — precio distinto, no se fusiona"
ELE12078,ELE-0078,Instalaciones Eléctricas,ELE,SI,FIJO,,pza,150.0,"COLOCACIÓN DE LUMINARIAS, INCLUYE ESCALERA, MATERIAL, HERRAMIENTA Y MANO DE OBRA. (NO INCLUYE COMPRA DE LUMINARIAS Y FOCOS)","descripción repetida · conservada por regla — precio distinto, no se fusiona"
ACA9056,ACA-0052,Acabados,ACA,SI,FIJO,,m²,600.0,"SUMINISTRO Y COLOCACIÓN DE PISO CERAMICO A ELECCIÓN DEL CLIENTE. INCLUYE ADHESIVO PSP, SEPARADORES, HERRAMIENTA Y MANO DE OBRA.",
ACA9057,ACA-0053,Acabados,ACA,SI,FIJO,,m²,120.0,"SUMINISTRO Y APLICACIÓN DE PINTURA VINILICA PARA MUROS Y PLAFONES INTERIORES. INCLUYE: MATERIAL, HERRAMIENTA, ANDAMIOS O ESCALERA Y MANO DE OBRA.",
ACA9058,ACA-0054,Acabados,ACA,SI,FIJO,,m²,130.0,"SUMINISTRO Y APLICACIÓN DE PINTURA VINILICA PARA EXTERIORES. INCLUYE: MATERIAL, HERRAMIENTA, ANDAMIOS O ESCALERA Y MANO DE OBRA.",
MTJ21005,MTJ-0005,Montajes,MTJ,SI,FIJO,,pza,1500.0,"MONTAJE DE PUERTA EXISTENTE DE 80 X 2.20, INCLUYE MONTAJE DE MARCO, PUERTA Y CHAPA. (NO INCLUYE HERRAJES NUEVOS).",
CNL15034,CNL-0034,Cancelería y Aluminio,CNL,SI,FIJO,,pza,3500.0,"SUMINISTRO Y COLOCACIÓN DE VENTANA FIJA-CORREDIZA DE DIMENSIONES DE 1.20 x 1.80 CMS. INCLUYE MONTAJE, HERRAMIENTA, MATERIAL Y  MANO DE OBRA.",
ARR6010,ARR-0010,Acarreos,ARR,NO,FIJO,,viaje,1300.0,CARGA Y ACARREO DE VIAJES DE ESCOMBRO Y MATERIAL (SE REPORTARAN LOS NECESARIO),"BAJA · descripción repetida, mismo precio · clave activa: PRE-0044"
PRE2234,PRE-0034,Preliminares,PRE,SI,FIJO,,lote,1000.0,"LIMPIEZA GRUESA Y FINA DE OBRA, INCLUYE: ACÍDO MURIATICO, DESENGRASANTES, ESCOBAS, ESPATULAS, JALADOR, FIBRAS Y ESCALERA.","descripción repetida · conservada por regla — precio distinto, no se fusiona"
PRE2235,PRE-0035,Preliminares,PRE,SI,FIJO,,m²,17.85,"DESPALME DE TERRENO, INCLUYE HERRAMIENTA MENOR, MATERIAL Y MANO DE OBRA.",
PRE2236,PRE-0036,Preliminares,PRE,SI,FIJO,,m²,42.0,"TRAZO Y NIVELACIÓN DE PLATAFORMA SEGÚN NIVELES DE DESPLANTE DE PROYECTO. INCLUYE EQUIPO, HERRAMIENTA Y MANO DE OBRA. (VIVIENDA Y PATIO POSTERIOR).",
ALB8173,ALB-0173,Albañilerías,ALB,SI,FIJO,,lote,42000.0,"CISTERNA DE 2.50 X 2.20 X 2.00 CON LOSA DE DESPLANTE DE 15 CMS DE ESPESOR DE CONCRETO ARMADO F'C = 250 KG/CM2 Y ACERO DE 3/8 @15 CMS EN AMBOS LADOS Y CASTILLOS DE 15 X 15 CON CONCRETO DE F'C 250 KG/CM2 Y REFUERZO DE 3/8 "" Y ESTRIBOS DE ALAMBRÓN @ 20 CMS. Y LOSA TAPA DE CONCRETO ARMADO DE 25 CMS DE ESPESOR CON CONCRETO DE F'C 250 KG/CM2 Y ACERO DE REFUERZO DE 3/8 A@ 15 CMS. CON MUROS DE TABIQUE DE LA REGIÓN JUNTEADO CON CEMENTO: ARENA. INCLUYE TRAZO, EXCAVACIÓN, NIVELACIÓN, COLADO, CIMBRADO, DESCIMBRADO, APLANADO, HERRAMIENTA MENOR Y MANO DE OBRA. MARCO Y TAPA METÁLICA. (NO INCLUYE INSTALACION ELÉCTRICA - HIDRAULICA).",
EXV3016,EXV-0016,Excavaciones,EXV,SI,FIJO,,m³,262.2,"EXCAVACIÓN A 65 CM DE PROFUNDIDAD, INCLUYE AFINE DE TALUDES, HERRAMIENTA MENOR Y MANO DE OBRA.",
ARR6011,ARR-0011,Acarreos,ARR,SI,FIJO,,m³,105.0,"CARGA Y ACARREO EN CARRETILLA A UNA DISTANCIA DE 20 MTS ABUND 1,3. INCLUYE HERRAMIENTA MENOR Y MANO DE OBRA.","descripción repetida · conservada por regla — precio distinto, no se fusiona"
ARR6011,ARR-0012,Acarreos,ARR,SI,FIJO,,m³,126.0,CARGA MANUAL A VOLTEO.  INCLUYE HERRAMIENTA MENOR Y MANO DE OBRA.,"descripción repetida · conservada por regla — precio distinto, no se fusiona"
PRE2237,PRE-0037,Preliminares,PRE,SI,FIJO,,m³,735.0395,"SUMINISTRO Y COLOCACIÓN DE BALASTO ACOMODADO CON PISON MANUAL. 1 PASADA PISONADA PARA ACOMODAR. SE GENERA COMPASIDAD. INCLUYE MATERIAL, HERRAMIENTA Y MANO DE OBRA.",
CIM4013,CIM-0014,Cimentaciones,CIM,NO,FIJO,,ml,942.3222,"ZAPATA CORRIDA SUPERFICIAL COLINDANCIA NORTE DE 70 CMS DE ANCHO X 13 CMS DE PERALTE, ARMADO TRANSVERSAL CON 3 VARS NO.3 @ 15 CMS Y EN ARMADO LONGITUDINAL CON 3 VARS NO. 3 @26CMS. CON CONTRATRABE CT-1 (15X30) CON CONCRETO F'C 250 KG/CM2, INCLUYE HERRAMIENTA, MATERIAL Y MANO DE OBRA.","BAJA · descripción repetida, mismo precio · clave activa: CIM-0018"
CIM4014,CIM-0015,Cimentaciones,CIM,NO,FIJO,,ml,1153.57,"ZAPATA CORRIDA SUPERFICIAL CENTRAL DE 90 CMS DE ANCHO  X 13 CMS DE PERALTE, ARMADO TRANSVERSAL CON 3 VARS NO.3 @ 15 CMS Y EN ARMADO LONGITUDINAL CON 3 VARS NO. 3 @25CMS. CON CONTRATRABE CT-1 (15X30) CON CONCRETO F'C 250 KG/CM2, INCLUYE HERRAMIENTA, MATERIAL Y MANO DE OBRA.","BAJA · descripción repetida, mismo precio · clave activa: CIM-0019"
CIM4015,CIM-0016,Cimentaciones,CIM,SI,FIJO,,ml,1288.277,"ZAPATA CORRIDA SUPERFICIAL CENTRAL DE 90 CMS DE ANCHO  X 13 CMS DE PERALTE, ARMADO TRANSVERSAL CON 3 VARS NO.3 @ 15 CMS Y EN ARMADO LONGITUDINAL CON 3 VARS NO. 3 @25CMS. CON CONTRATRABE CT-2 (15X30 + 2VARS #3) CON CONCRETO F'C 250 KG/CM2, INCLUYE HERRAMIENTA, MATERIAL Y MANO DE OBRA.",
CIM4016,CIM-0017,Cimentaciones,CIM,NO,FIJO,,ml,1422.8866,"ZAPATA CORRIDA SUPERFICIAL CENTRAL DE 90 CMS DE ANCHO  X 13 CMS DE PERALTE, ARMADO TRANSVERSAL CON 3 VARS NO.3 @ 15 CMS Y EN ARMADO LONGITUDINAL CON 3 VARS NO. 3 @25CMS. CON CONTRATRABE CT-3 (15X30 +4V#3) CON CONCRETO F'C 250 KG/CM2, INCLUYE HERRAMIENTA, MATERIAL Y MANO DE OBRA.","BAJA · descripción repetida, mismo precio · clave activa: CIM-0020"
ELE12079,ELE-0079,Instalaciones Eléctricas,ELE,SI,FIJO,,sal,672.8,"HABILITADO DE CONTACTOS DOBLES, INCLUYE HERRAMIENTA, ACCESORIOS, MATERIAL Y MANO DE OBRA.",
ELE12080,ELE-0080,Instalaciones Eléctricas,ELE,SI,FIJO,,pza,545.2,SUMINISTRO Y COLOCACIÓN DE SENSORES EN SANITARIOS,
HSI14057,HSI-0057,Instalaciones Hidrosanitarias,HSI,SI,FIJO,,lote,2088.0,"COLOCACION DE BOMBA (NUEVA O REPARADA): INCLUYE MONTAJE, MANIOBRAS, HERRAJE, HERRAMIENTA Y MANO DE OBRA.",
HSI14058,HSI-0058,Instalaciones Hidrosanitarias,HSI,SI,FIJO,,lote,1800.0,"MATERIAL EXTRA PARA COLOCACIÓN DE BOMBA: AUTOMATICO DE BOMBA + COPLE PARA ADAPTACIÓN DE DIVISOR + TUBERIA DE COBRE DE 1"" PARA RAMAL DE MUEBLES SANITARIOS.",
ELE12081,ELE-0081,Instalaciones Eléctricas,ELE,SI,FIJO,,sal,928.0,"SALIDA ELÉCTRICA PARA CONTACTOS DOBLES CON TUBERIA CONDUIT Y/O POLIFLEX (SEGÚN SEA EL CASO), INCLUYE CABLEADO, CHALUPAS, ACCESORIOS Y HERRAMIENTA MENOR.",
PRE2238,PRE-0038,Preliminares,PRE,SI,FIJO,,lote,3886.0,"LIMPIEZA FINA Y GRUESA EN PISOS Y CRISTALES. INCLUYE, ÁCIDO, FIBRA, QUÍMICOS, JABONES, DETERGENTES, HERRAMIENTA Y MANO DE OBRA.",
DIS7035,DIS-0027,Desmantelaciones,DIS,SI,FIJO,,lote,1500.0,"⁠Retiro y desmantelacion de vegetacion plaga en base de tinaco, desmantelamiento de secciones en tapete dañado.",
DIS7036,DIS-0028,Desmantelaciones,DIS,SI,FIJO,,lote,1900.0,"Desmontaje y montaje de tinaco, para re encarpetado de base de concreto existente.",
ALB8174,ALB-0174,Albañilerías,ALB,SI,FIJO,,lote,5000.0,Reparación de fisuras en losa con cemento plástico.,
CNL15035,CNL-0035,Cancelería y Aluminio,CNL,SI,FIJO,,pza,5400.0,Fabricacion y colocacion de domo en acrilico blanco con marco en aluminio en dimensiones de 1.20m x 0.90m.,
CNL15036,CNL-0036,Cancelería y Aluminio,CNL,SI,FIJO,,pza,4900.0,Fabricacion y colocacion de domo en acrilico blanco con marco en aluminio en dimensiones de 0.97m x 0.81m.,
PRE2239,PRE-0039,Preliminares,PRE,SI,FIJO,,viaje,1600.0,viaje de escombro (retiro de maleza y producto de material de impermeabilizante dañado),
DEM5026,DEM-0026,Demoliciones,DEM,SI,FIJO,,m²,45.0,"Arrasamiento de acabado existente dañado por humedades. Incluye
retiro de escombro a pie de calle, herramienta menor,
escalera y mano de obra.",
ARR6012,ARR-0013,Acarreos,ARR,SI,FIJO,,m³,105.0,CARGA MANUAL A VOLTEO.  INCLUYE HERRAMIENTA MENOR Y MANO DE OBRA.,"descripción repetida · conservada por regla — precio distinto, no se fusiona"
PRE2240,PRE-0040,Preliminares,PRE,SI,FIJO,,m²,21.0,"SUMINISTRO Y COLOCACIÓN DE CAPA DE POLIETILENO NEGRO CAL 600 A MANERA DE PLANTILLA PARA RECIBIR PARRILLA Y CONCRETO POSTERIOR. INCLUYE MATERIAL, HERRAMIENTA Y MANO DE OBRA.",
CIM4017,CIM-0018,Cimentaciones,CIM,SI,FIJO,,ml,942.322,"ZAPATA CORRIDA SUPERFICIAL COLINDANCIA NORTE DE 70 CMS DE ANCHO X 13 CMS DE PERALTE, ARMADO TRANSVERSAL CON 3 VARS NO.3 @ 15 CMS Y EN ARMADO LONGITUDINAL CON 3 VARS NO. 3 @26CMS. CON CONTRATRABE CT-1 (15X30) CON CONCRETO F'C 250 KG/CM2, INCLUYE HERRAMIENTA, MATERIAL Y MANO DE OBRA.","descripción repetida · ganó por regla — mismo precio, clave mayor"
CIM4018,CIM-0019,Cimentaciones,CIM,SI,FIJO,,ml,1153.57,"ZAPATA CORRIDA SUPERFICIAL CENTRAL DE 90 CMS DE ANCHO  X 13 CMS DE PERALTE, ARMADO TRANSVERSAL CON 3 VARS NO.3 @ 15 CMS Y EN ARMADO LONGITUDINAL CON 3 VARS NO. 3 @25CMS. CON CONTRATRABE CT-1 (15X30) CON CONCRETO F'C 250 KG/CM2, INCLUYE HERRAMIENTA, MATERIAL Y MANO DE OBRA.","descripción repetida · ganó por regla — mismo precio, clave mayor"
CIM4019,CIM-0020,Cimentaciones,CIM,SI,FIJO,,ml,1422.89,"ZAPATA CORRIDA SUPERFICIAL CENTRAL DE 90 CMS DE ANCHO  X 13 CMS DE PERALTE, ARMADO TRANSVERSAL CON 3 VARS NO.3 @ 15 CMS Y EN ARMADO LONGITUDINAL CON 3 VARS NO. 3 @25CMS. CON CONTRATRABE CT-3 (15X30 +4V#3) CON CONCRETO F'C 250 KG/CM2, INCLUYE HERRAMIENTA, MATERIAL Y MANO DE OBRA.","descripción repetida · ganó por regla — mismo precio, clave mayor"
CIM4020,CIM-0021,Cimentaciones,CIM,SI,FIJO,,ml,558.6,"CT-2 CONTRATRABE DE 30 X 15 (TRABE DE LIGA) ARMADA CON ARMEX 12-25-4 + 2 VARS #3 CON CONCRETO F'C 250 KG/CM2, INCLUYE HERRAMIENTA, MATERIAL Y MANO DE OBRA.",
ALB8175,ALB-0175,Albañilerías,ALB,SI,FIJO,,m²,363.7358,"MURO DE BLOCK PARA LOGRAR NIVEL DE PISO TERMINADO DE VIVIENDA ASENTADO CON MORTERO 1:2:7 A PLOMO Y NIVEL CON MEZCLA RECORTADA POR AMBAS CARA. INCLUYE HERRAMIENTA, MATERIAL Y MANO DE OBRA.",
CIM4021,CIM-0022,Cimentaciones,CIM,SI,FIJO,,ml,540.91,"CADENA DE DESPLANTE DE 15 X 20, ARMADA CON ARMEX, PARA MURO DE VIVIENDA DE CONCRETO F'C 200 KG/CM2 INCLUYE HERRAMIENTA, MATERIAL Y MANO DE OBRA.",
CIM4022,CIM-0023,Cimentaciones,CIM,SI,FIJO,,m²,63.0,"SUMINISTRO Y APLICACIÓN DE IMPERMEABILIZANTE EN CONTRATRABES DE LIGA A BASE DE EMULSIÓN ASFÁLTICA APLICADO CON CEPILLO EN DOS CAPAS CON CARTÓN ASFÁLTICO EN PERÍMETRO DE CIMENTACIÓN Y DESPLANTE DE MUROS. INCLUYE HERRAMIENTA MENOR, MATERIAL Y MANO DE OBRA.",
CIM4023,CIM-0024,Cimentaciones,CIM,SI,FIJO,,m²,63.0,"SUMINISTRO Y APLICACIÓN DE IMPERMEABILIZANTE EN MURO DE ENRACE A NPT + CADENA PERIMETRAL  A BASE DE EMULSIÓN ASFÁLTICA APLICADO CON CEPILLO EN DOS CAPAS CON CARTÓN ASFÁLTICO EN PERÍMETRO DE CIMENTACIÓN Y DESPLANTE DE MUROS. INCLUYE HERRAMIENTA MENOR, MATERIAL Y MANO DE OBRA.",
PRE2241,PRE-0041,Preliminares,PRE,SI,FIJO,,m³,157.5089,RELLENO DE  ZAPATAS CORRIDAS CON MATERIAL PRODUCTO DE LA EXCAVACIÓN Y COMPACTADO EN CAPAS HÚMEDAS DE 20 CMS.,
PRE2242,PRE-0042,Preliminares,PRE,SI,FIJO,,m³,288.7358,"SUMINISTRO, TENDIDO Y COMPACTACIÓN DE TEPETATE PARA LLEGAR A NIVEL DE FIRME DE PROYECTO EN VIVIENDA, COMPACTADO EN CAPAS HÚMEDAS DE 20 CMS.",
PRE2243,PRE-0043,Preliminares,PRE,SI,FIJO,,m³,288.739,"SUMINISTRO, TENDIDO Y COMPACTACIÓN DE TEPETATE PARA LLEGAR A NIVEL DE PISO TERMINADO DE PROYECTO EN PATIO POSTERIOR, COMPACTADO EN CAPAS HÚMEDAS DE 20 CMS.",
ALB8176,ALB-0176,Albañilerías,ALB,SI,FIJO,,m²,294.0,"FIRME DE CONCRETO EN VIVIENDA DE 0.10M DE ESPESOR CON CONCRETO HECHO EN OBRA F'C 200KG/CM2, AGREGADO MÁXIMO DE 3/4""  MALLA ELECTROSOLDADA. INCLUYE: CIMBRADO.",
ALB8177,ALB-0177,Albañilerías,ALB,SI,FIJO,,m²,294.0,"FIRME DE CONCRETO EN PATIO POSTERIOR DE 0.10M DE ESPESOR CON CONCRETO HECHO EN OBRA F'C 200KG/CM2, AGREGADO MÁXIMO DE 3/4""  MALLA ELECTROSOLDADA. INCLUYE: CIMBRADO. (NO INCLUYE PATIO POSTERIOR)",
ALB8178,ALB-0178,Albañilerías,ALB,SI,FIJO,,ml,283.62,K1 CASTILLO DE 15 X 15 ARMADO CON ARMEX 11-11-4  CON CONCRETO F'C 250 KG/CM2,
ALB8179,ALB-0179,Albañilerías,ALB,SI,FIJO,,ml,367.13,K2 CASTILLO DE 15 X 20 ARMADO CON ARMEX 11-15-4 CON CONCRETO F'C 250 KG/CM2,
ALB8180,ALB-0180,Albañilerías,ALB,SI,FIJO,,ml,890.19,K6a CASTILLO DE 15 X 60-78 ARMADO CON 6 VARS#3 Y ESTRIBOS DEL NO.2 @20 CMS CON CONCRETO F'C 250 KG/CM2,
ALB8181,ALB-0181,Albañilerías,ALB,SI,FIJO,,ml,1056.96,K8 CASTILLO DE 15 X 80 ARMADO CON 8 VARS#3 Y ESTRIBOS DEL NO.2 @20 CMS CON CONCRETO F'C 250 KG/CM2,
ALB8182,ALB-0182,Albañilerías,ALB,SI,FIJO,,ml,1164.46,K8 CASTILLO DE 15 X 90-95 ARMADO CON 8 VARS#3 Y ESTRIBOS DEL NO.2 @20 CMS CON CONCRETO F'C 250 KG/CM2,
ALB8183,ALB-0183,Albañilerías,ALB,SI,FIJO,,ml,1250.76,K8 CASTILLO DE 15 X 1.10-1.15 ARMADO CON 8 VARS#3 Y ESTRIBOS DEL NO.2 @20 CMS CON CONCRETO F'C 250 KG/CM2,
ALB8184,ALB-0184,Albañilerías,ALB,SI,FIJO,,ml,2016.54,K12 CASTILLO DE 15 X 1.35-1.40 ARMADO CON 12 VARS#3 Y ESTRIBOS DEL NO.2 @20 CMS CON CONCRETO F'C 250 KG/CM2,
ALB8185,ALB-0185,Albañilerías,ALB,SI,FIJO,,ml,283.62,K-ESP CASTILLO ESPECIAL DE 15 X 15 ARMADO CON ARMEX DE 11 X 11 X 4 PARA BAJADA DE AGUA PLUVIAL,"descripción repetida · conservada por regla — precio distinto, no se fusiona"
ALB8186,ALB-0186,Albañilerías,ALB,SI,FIJO,,ml,826.15,"TRABE A DE 15 X 55 ARMADA CON 2 VARS #4 EN LECHO SUPERIOR Y 3VARS #4 + 2 VARS #3 EN LECHO INFERIOR CON ESTRIBOS DEL NO. 2 Y 3, REPARTIDOS CONFORME A PLANO ESTRUCTURAL, CON CONCRETO F'C 250 KG/CM2",
ALB8187,ALB-0187,Albañilerías,ALB,SI,FIJO,,ml,752.27,"TRABE E DE 15 X 45 ARMADA CON 2 VARS NO, 4 EN LECHO SUPERIOR, 2 VARS NO. 3 + 3 VARS NO. 4 EN LECHO INFERIOR, CON ESTRIBOS DEL NO. 2 REPARTIDOS CONFORME A PLANO ESTRUCTURAL CON CONCRETO F'C 250 KG/CM2",
ALB8188,ALB-0188,Albañilerías,ALB,SI,FIJO,,m²,1223.25,"ARMADO 1: LOSA DE 30 CMS ARMADA CON VIGUETA DE 12 X 25 CMS (1 VAR NO. 4 EN LECHO SUPERIOR Y 2 VARS NO. 4 + 2 VARS NO. 3 EN LECHO INFERIOR, CON ESTRIBOS DEL NO. 2 @15 CMS) CON 5 CM DE LOSA DE COMPRESIÓN Y MALLA ELECTROSOLDADA 6-6  8-8, CON CONCRETO F'C 250 KG/CM2.",
ALB8189,ALB-0189,Albañilerías,ALB,SI,FIJO,,m²,1231.9126,"ARMADO 2: LOSA DE 30 CMS ARMADA CON VIGUETA DE 12 X 25 CMS (1 VAR NO. 4 EN LECHO SUPERIOR Y 2 VAR. NO. 4 EN LECHO INFERIOR, CON ESTRIBOS DEL NO. 2 @15 CMS) CON 5 CM DE LOSA DE COMPRESIÓN Y MALLA ELECTROSOLDADA 6-6  8-8, CON CONCRETO F'C 250 KG/CM2.",
ALB8190,ALB-0190,Albañilerías,ALB,SI,FIJO,,m²,1241.0082,"ARMADO 3: LOSA DE 30 CMS ARMADA CON VIGUETA DE 12 X 25 CMS (1 VAR NO. 3 EN LECHO SUPERIOR Y 2 VARS NO. 3  EN LECHO INFERIOR, CON ESTRIBOS DEL NO. 2 @15 CMS) CON 5 CM DE LOSA DE COMPRESIÓN Y MALLA ELECTROSOLDADA 6-6  8-8, CON CONCRETO F'C 250 KG/CM2.",
ALB8191,ALB-0191,Albañilerías,ALB,SI,FIJO,,ml,367.13,"NERVIO DE TEMPERATURA ARMADO CON 2 VARS DE 3/8"" Y ESTRIBOS DE 1/4"" @20CMS CON CONCRETO F'C=250KG/CM2",
ALB8192,ALB-0192,Albañilerías,ALB,SI,FIJO,,m²,131.25,"IMPERMEABILIZACIÓN CON IMPERMEABILIZANTE FIBRATADO ELASTÓMERICO A BASE DE RESINAS ESTIREN-ACRILICAS CON MICROFIBRAS QUE FORMAN UNA MEMBRANA IMPERMEABLE. APLICADO CON BROCHA Y RODILLO.  INCLUYE ELEVACIÓN DE MATERIALES, HERRAMIENTA MENOR, ESCALERA O ANDAMIO Y MANO DE OBRA. (5 AÑOS)","descripción repetida · conservada por regla — precio distinto, no se fusiona"
ALB8193,ALB-0193,Albañilerías,ALB,SI,FIJO,,m²,363.71,"MURO DE BLOCK ASENTADO CON MORTERO 1:2:7 A PLOMO Y NIVEL CON MEZCLA RECORTADA POR AMBAS CARA. INCLUYE HERRAMIENTA, MATERIAL Y MANO DE OBRA.",
ALB8194,ALB-0194,Albañilerías,ALB,SI,FIJO,,pza,6449.95,"FABRICACIÓN DE MURETE DE CUADRO DE MEDICIÓN DE AGUA POTABLE Y MEDIDOR DE CFE. INCLUYE HERRAMIENTA, MATERIAL Y MANO DE OBRA.",
ALB8195,ALB-0195,Albañilerías,ALB,SI,FIJO,,m²,126.0,"APLANADO FINO DE MUROS CON MORTERO CEMENTO - ARENA 1:4 HASTA UNA ALTURA DE 3 MTS INCLUYE; MATERIAL, HERRAMIENTA MENOR, ANDAMIOS Y MANO DE OBRA.","descripción repetida · conservada por regla — precio distinto, no se fusiona"
ALB8196,ALB-0196,Albañilerías,ALB,SI,FIJO,,m²,157.5,"APLANADO FINO EN PLAFÓN CON MORTERO CEMENTO - ARENA 1:4 HASTA UNA ALTURA DE 3 MTS INCLUYE; MATERIAL, HERRAMIENTA MENOR, ANDAMIOS Y MANO DE OBRA.","descripción repetida · conservada por regla — precio distinto, no se fusiona"
ALB8197,ALB-0197,Albañilerías,ALB,SI,FIJO,,lote,5040.0,"FABRICACIÓN DE ESCALINATA DE JARDÍN POSTERIOR DE 3 ESCALONES DE 1.20 X .15 X .17 PERALTE, CON CONCRETO PREMEZCLADO, ARMADA CON VARILLA DE 1/2"" Y ESTRIBOS DE 3/8"", INCLUYE EXCAVACION PARA CIMENTACION, MAMPOSTERIA, DADO, PARRILLAS DE ARMADO EN ESCALERA, ACERO DE REFUERZO, CONCRETO PREMEZCLADO, F'C= 250 KG/CM2",
ALB8198,ALB-0198,Albañilerías,ALB,SI,FIJO,,ml,105.0,"EMBOQUILLADO EN VANOS DE PUERTAS Y VENTANAS; INCLUYE REGLAS, CHAROLAS DE MEZCLA, NIVELACIÓN, PLOMEADO Y PERFILADO DE ARISTAS.","descripción repetida · conservada por regla — precio distinto, no se fusiona"
ALB8199,ALB-0199,Albañilerías,ALB,SI,FIJO,,pza,472.5,NICHO DE REGADERA DE SANITARIO PRINCIPAL DE 0.30 X 1.60 X 0.10,
ALB8200,ALB-0200,Albañilerías,ALB,SI,FIJO,,pza,367.5,NICHO DE REGADERA DE SANITARIO VALE  DE 0.30 X 0.70 X 0.10,
ALB8201,ALB-0201,Albañilerías,ALB,SI,FIJO,,pza,4305.0,"FABRICACIÓN DE BASE DE CONCRETO PARA TINACO DE 1.50 X 1.40 X 0,30. INCLUYE HERRAMIENTA, MATERIAL, SOLDADURA, ELEVACIÓN Y MONTAJE.",
ALB8202,ALB-0202,Albañilerías,ALB,SI,FIJO,,ml,231.0,"FABRICACIÓN DE PRETIL DE 45 CM DE ALTURA CON BLOCK Y CASTILLO DE 15 X 15 CON CONCRETO F'C = 200 KG /CM2. INCLUYE MATERIAL, CIMRADO, DESCIMBRADO, HERRAMIENTA Y MANO DE OBRA.",
ALB8203,ALB-0203,Albañilerías,ALB,SI,FIJO,,ml,52.5,"FABRICACIÓN DE CHAFLÁN EN PRETIL ENTRE MURO Y LOSA, EN LA U DE SERVICIO DE TINACO, DOMOS Y COLINDANCIAS; INCLUYE MATERIAL, HERRAMIENTA Y MANO DE OBRA.",
ALB8204,ALB-0204,Albañilerías,ALB,SI,FIJO,,ml,157.5,"EMBOQUILLADO DE LOSA DE PATIO POSTERIOR; INCLUYE REGLAS, CHAROLAS DE MEZCLA, NIVELACIÓN, PLOMEADO Y PERFILADO DE ARISTAS.",
ALB8205,ALB-0205,Albañilerías,ALB,SI,FIJO,,pza,399.0,"FABRICACIÓN DE SOPORTE DE BOILER DE 40 X 40. INCLUYE HERRAMIENTA, MATERIAL Y MANO DE OBRA.",
HSI14059,HSI-0059,Instalaciones Hidrosanitarias,HSI,SI,FIJO,,ml,94.5,"SUMINISTRO Y TENDIDO DE TUBERIA DE CPVC 1""  PARA TUBERIA HDR DE AGUA FRÍA, INCLUYE MATERIAL, HERRAMIENTA Y MANO DE OBRA.  (TOMA DE AGUA - CISTERNA - TINACO)",
HSI14060,HSI-0060,Instalaciones Hidrosanitarias,HSI,SI,FIJO,,pza,52.5,"SUMINISTRO Y COLOCACIÓN DE CODOS DE 90° DE CPVC DE 1"" PARA TUBERIA HDR DE AGUA FRÍA, INCLUYE, HERRAMIENTA, MATERIAL Y MANO DE OBRA.  (TOMA DE AGUA - CISTERNA - TINACO)",
HSI14061,HSI-0061,Instalaciones Hidrosanitarias,HSI,SI,FIJO,,ml,94.5,"SUMINISTRO Y TENDIDO DE TUBERIA DE CPVC 1"" PARA RED HIDRÁULICA, INCLUYE MATERIAL, HERRAMIENTA Y MANO DE OBRA. (DE TINACO HACIA BAJADAS)",
HSI14062,HSI-0062,Instalaciones Hidrosanitarias,HSI,SI,FIJO,,pza,52.5,"SUMINISTRO Y COLOCACIÓN DE CODOS DE 90° DE CPVC DE 1"" PARA TUBERIA HDR DE AGUA FRÍA, INCLUYE, HERRAMIENTA, MATERIAL Y MANO DE OBRA.  (DE TINACO HACIA BAJADAS)",
HSI14063,HSI-0063,Instalaciones Hidrosanitarias,HSI,SI,FIJO,,pza,47.25,"SUMINISTRO Y COLOCACIÓN DE CONEXIÓN DE TEE DE CPVC DE 1"" PARA TUBERIA HDR DE AGUA FRÍA, INCLUYE, HERRAMIENTA, MATERIAL Y MANO DE OBRA.  (DE TINACO HACIA BAJADAS)",
HSI14064,HSI-0064,Instalaciones Hidrosanitarias,HSI,SI,FIJO,,pza,147.0,"VÁLVULAS DE PASO DE 1""",
HSI14065,HSI-0065,Instalaciones Hidrosanitarias,HSI,SI,FIJO,,ml,63.0,"SUMINISTRO Y TENDIDO DE TUBERIA DE CPVC 3/4""  DE LINEA DE DISTRIBUCIÓN DE AGUA FRÍA Y CALIENTE A MUEBLES, INCLUYE HERRAMIENTA, MATERIAL Y MANO DE OBRA.",
HSI14066,HSI-0066,Instalaciones Hidrosanitarias,HSI,SI,FIJO,,pza,21.0,"SUMINISTRO Y COLOCACIÓN DE CONEXIÓN DE CODO 90°  3/4"" DE CPVC PARA TUBERIA HDR DE AGUA FRÍA Y CALIENTE DE BAJADAS A MUEBLES, INCLUYE, HERRAMIENTA, MATERIAL Y MANO DE OBRA.",
HSI14067,HSI-0067,Instalaciones Hidrosanitarias,HSI,SI,FIJO,,pza,26.25,"SUMINISTRO Y COLOCACIÓN DE TEE DE  3/4"" DE CPVC PARA TUBERIA HDR DE AGUA FRÍA Y CALIENTE, INCLUYE, HERRAMIENTA, MATERIAL Y MANO DE OBRA.",
HSI14068,HSI-0068,Instalaciones Hidrosanitarias,HSI,SI,FIJO,,sal,525.0,"DISPARO DE AGUA FRÍA Y CALIENTE DE LINEA DE DISTRIBUCIÓN A RAMAL DE MUEBLE CON TUBERIA DE COBRE DE 1/2"" INCLUYE LLAVE ANGULAR, CONEXIONES, MATERIAL, HERRAMIENTA Y MANO DE OBRA.",
HSI14069,HSI-0069,Instalaciones Hidrosanitarias,HSI,SI,FIJO,,pza,21.0,"SUMINISTRO Y COLOCACIÓN DE CONEXIÓN DE CODOS 90° DE CPVC DE 1/2""  PARA TUBERIA HDR DE AGUA FRÍA Y CALIENTE, INCLUYE, HERRAMIENTA, MATERIAL Y MANO DE OBRA.  (DE CISTERNA A TINACO)",
HSI14070,HSI-0070,Instalaciones Hidrosanitarias,HSI,SI,FIJO,,lote,5775.0,"SUMINISTRO Y COLOCACIÓN DE BOMBA SUMERGIBLE DE 1 HP, INCLUYE HERRAMIENTA, MATERIAL Y MANO DE OBRA.",
HSI14071,HSI-0071,Instalaciones Hidrosanitarias,HSI,SI,FIJO,,lote,1050.0,"COLOCACIÓN DE BOILER CON CAPACIDAD DE 12 L (2 1/2 SERVICIOS), INCLUYE CONEXIONES, MATERIAL, HERRAMIENTA Y MANO DE OBRA.",
HSI14072,HSI-0072,Instalaciones Hidrosanitarias,HSI,SI,FIJO,,lote,3675.0,"SUMINISTRO Y COLOCACIÓN DE TINACO VERTICAL LINEA ECONÓMICA DE 1,200 LITROS, INCLUYE ACCESORIOS, ELECTRONIVEL, ELEVACIÓN, HERRAMIENTA, MATERIAL, MANO DE OBRA EQUIPO Y HERRAMIENTA.",
HSI14073,HSI-0073,Instalaciones Hidrosanitarias,HSI,SI,FIJO,,pza,210.0,"SUMINISTRO Y COLOCACIÓN DE LLAVE DE NARIZ, INCLUYE MATERIAL, HERRAMIENTA Y MANO DE OBRA.",
HSI14074,HSI-0074,Instalaciones Hidrosanitarias,HSI,SI,FIJO,,pza,1470.0,"SUMINISTRO Y COLOCACIÓN DE LAVADERO DE 80 X 80, INCLUYE HERRAMIENTA, MATERIAL Y MANO DE OBRA.",
HSI14075,HSI-0075,Instalaciones Hidrosanitarias,HSI,SI,FIJO,,pza,945.0,"SUMINISTRO Y COLOCACIÓN DE REGADERA Y MANERALES LINEA ECONÓMICA , INCLUYE HERRAMIENTA, MATERIAL Y MANO DE OBRA.",
HSI14076,HSI-0076,Instalaciones Hidrosanitarias,HSI,SI,FIJO,,pza,3675.0,"SUMINISTRO Y COLOCACIÓN DE WC LINEA ECONÓMICA, INCLUYE ASIENTO, TAPA, MANGUERA Y LLAVE ANGULAR, HERRAMIENTA, MATERIAL Y MANO DE OBRA.",
HSI14077,HSI-0077,Instalaciones Hidrosanitarias,HSI,SI,FIJO,,pza,630.0,"COLOCACIÓN DE LAVABO. INCLUYE MANGUERA COFLEX, LLAVE ANGULAR, MATERIAL, HERRAMIENTA Y MANO DE OBRA. (NO INCLUYE MUEBLE, YA QUE ES A ELECCIÓN Y SUMINISTRO DEL CLIENTE)",
HSI14078,HSI-0078,Instalaciones Hidrosanitarias,HSI,SI,FIJO,,ml,42.0,"SUMINISTRO Y TENDIDO DE TUBERIA SANITARIA DE PVC RD26 SANITARIO DE 2"", INCLUYE MATERIAL, HERRAMIENTA Y MANO DE OBRA.",
HSI14079,HSI-0079,Instalaciones Hidrosanitarias,HSI,SI,FIJO,,pza,31.5,"SUMINISTRO Y COLOCACIÓN DE CODO DE 90 DE PVC DE 2"", INCLUYE, HERRAMIENTA, MATERIAL Y MANO DE OBRA.",
HSI14080,HSI-0080,Instalaciones Hidrosanitarias,HSI,SI,FIJO,,pza,31.5,"SUMINISTRO Y COLOCACIÓN DE CONEXIÓN DE CODO 45° DE PVC 2"", INCLUYE, HERRAMIENTA, MATERIAL Y MANO DE OBRA.",
HSI14081,HSI-0081,Instalaciones Hidrosanitarias,HSI,SI,FIJO,,pza,36.75,"SUMINISTRO Y COLOCACIÓN DE REDUCCIÓN DE PVC DE 2"" A 4"", INCLUYE, HERRAMIENTA, MATERIAL Y MANO DE OBRA.",
HSI14082,HSI-0082,Instalaciones Hidrosanitarias,HSI,SI,FIJO,,ml,78.75,"SUMINISTRO Y TENDIDO DE TUBERIA SANITARIA DE PVC RD26 SANITARIO DE 4"", INCLUYE MATERIAL, HERRAMIENTA Y MANO DE OBRA.",
HSI14083,HSI-0083,Instalaciones Hidrosanitarias,HSI,SI,FIJO,,pza,63.0,"SUMINISTRO Y COLOCACIÓN DE CODO DE 90 - 45 DE PVC DE 4"", INCLUYE, HERRAMIENTA, MATERIAL Y MANO DE OBRA.",
HSI14084,HSI-0084,Instalaciones Hidrosanitarias,HSI,SI,FIJO,,pza,73.5,"SUMINISTRO Y COLOCACIÓN DE CONEXIÓN DE YEE - TEE DE PVC 4"", INCLUYE, HERRAMIENTA, MATERIAL Y MANO DE OBRA.",
HSI14085,HSI-0085,Instalaciones Hidrosanitarias,HSI,SI,FIJO,,sal,262.5,"SUMINISTRO Y COLOCACION DE SALIDAS DE DRENAJE. INCLUYE CONEXIONES, TRAMPAS DE OLOR, MANO DE OBRA, HERRAMIENTA MENOR. (NO INCLUYE MONTAJE DE MUEBLES Y ACCESORIOS)",
HSI14086,HSI-0086,Instalaciones Hidrosanitarias,HSI,SI,FIJO,,pza,367.5,"SUMINISTRO Y COLOCACIÓN DE COLADERA LINEA ECONÓMICA ; INCLUYE, MATERIAL, HERRAMIENTA Y MANO DE OBRA.",
HSI14087,HSI-0087,Instalaciones Hidrosanitarias,HSI,SI,FIJO,,pza,1575.0,"REGISTRO SANITARIO CON MEDIDAS INTERIORES DE 0.40 X 0.60 , FABRICADO CON MUROS DE TABIQUE ROJO RECOCIDO, ASENTADO CON MEZCLA CEMENTO ARENA EN PROPORCIÓN DE 1:5, SOBRE FIRME DE 0.08 M. Y CUBIERTA DE 0.08M. DE ESPESOR DE CONCRETO HECHO EN OBRA DE F'C=150 KG/CM2, CON MARCO Y CONTRAMARCO COMERCIAL, INCLUYE: EXCAVACIÓN EN TERRENO COMPACTO, SUMINISTRO DE MATERIALES, ACARREOS, DESPERDICIOS, HABILITADO, CIMBRADO, DESCIMBRADO, ACABADO PULIDO EN INTERIOR, LIMPIEZA, MANO DE OBRA, EQUIPO Y HERRAMIENTA.",
HSI14088,HSI-0088,Instalaciones Hidrosanitarias,HSI,SI,FIJO,,lote,7331.99,"POZO DE ABSORCIÓN PARA AGUA PLUVIAL CON MEDIDAS INTERIORES DE 1.00 X 2.80 PROF., CON TAPA DE CONCRETO. FABRICADO CON MUROS DE TABIQUE, CON FONDO DE PIEDRA BOLA, GRAVA Y ARENA. INCLUYE EXCAVACIÓN EN TERRENO COMPACTO, SUMINISTRO DE MATERIALES, ACARREOS, CIMBRADO, DESCIMBRADO, HERRAMIENTA Y MANO DE OBRA.",
ELE12082,ELE-0082,Instalaciones Eléctricas,ELE,SI,FIJO,,ml,315.0,"SUMINISTRO Y TENDIDO DE POLIDUCTO DE 1"" CON CABLE DEL NO. 8 Y NO.0 PARA ALIMENTACIÓN DE MEDIDOR HACIA INTERRUPTOR PRINCIPAL Y TABLERO GENERAL EN COCINA, INCLUYE HERRAMIENTA, MATERIAL Y MANO DE OBRA.",
ELE12083,ELE-0083,Instalaciones Eléctricas,ELE,SI,FIJO,,sal,525.0,"SALIDA ELÉCTRICA PARA CONTACTOS CON TUBERIA DE POLIFLEX DE 3/4"", INCLUYE CABLEADO DEL # 10 Y #12, CHALUPAS Y HERRAMIENTA MENOR.","descripción repetida · conservada por regla — precio distinto, no se fusiona"
ELE12084,ELE-0084,Instalaciones Eléctricas,ELE,SI,FIJO,,pza,126.0,CONTACTO,
ELE12085,ELE-0085,Instalaciones Eléctricas,ELE,SI,FIJO,,pza,157.5,CONTACTO DOBLE,"descripción repetida · conservada por regla — precio distinto, no se fusiona"
ELE12086,ELE-0086,Instalaciones Eléctricas,ELE,SI,FIJO,,pza,126.0,APAGADORES,"descripción repetida · conservada por regla — precio distinto, no se fusiona"
ELE12087,ELE-0087,Instalaciones Eléctricas,ELE,SI,FIJO,,sal,525.0,"SALIDA ELÉCTRICA PARA LUMINARIAS CON TUBERIA DE POLIFLEX DE 3/4"", INCLUYE CABLEADO DEL #12 Y #14, CHALUPAS Y HERRAMIENTA MENOR.","descripción repetida · conservada por regla — precio distinto, no se fusiona"
ELE12088,ELE-0088,Instalaciones Eléctricas,ELE,SI,FIJO,,sal,525.0,"SALIDA ELÉCTRICA PARA APAGADORES CON TUBERIA DE POLIFLEX DE 3/4"", INCLUYE CABLEADO DEL #12 Y #14, CHALUPAS Y HERRAMIENTA MENOR.","descripción repetida · conservada por regla — precio distinto, no se fusiona"
ELE12089,ELE-0089,Instalaciones Eléctricas,ELE,SI,FIJO,,pza,157.5,"COLOCACIÓN DE LUMINARIAS, INCLUYE ESCALERA, MATERIAL, HERRAMIENTA Y MANO DE OBRA. (NO INCLUYE COMPRA DE LUMINARIAS Y FOCOS)","descripción repetida · conservada por regla — precio distinto, no se fusiona"
ELE12090,ELE-0090,Instalaciones Eléctricas,ELE,SI,FIJO,,pza,1890.0,"SUMINISTRO E INSTALACION DE TABLERO QO6 PARA ILUMINACION Y CONTACTOS. INCLUYE MATERIAL, HERRAMIENTA Y MANO DE OBRA.",
ELE12091,ELE-0091,Instalaciones Eléctricas,ELE,SI,FIJO,,pza,840.0,"SUMINISTRO E INSTALACION DE TABLERO GENERAL QUO2 EN MURETE DE MEDICION. INCLUYE MATERIAL, HERRAMIENTA Y MANO DE OBRA.",
ELE12092,ELE-0092,Instalaciones Eléctricas,ELE,SI,FIJO,,lote,3150.0,"SUMINISTRO E INSTALACIÓN DE MUFA PARA RECIBIR ENERGÍA ELÉCTRICA POR PARTE DE CFE. INCLUYE MATERIAL, HERRAMIENTA Y MANO DE OBRA.",
ELE12093,ELE-0093,Instalaciones Eléctricas,ELE,SI,FIJO,,pza,262.5,"INSTALACION DE CIRCUITOS; INCLUYE MATERIAL, HERRAMIENTA Y MANO DE OBRA",
PRE2244,PRE-0044,Preliminares,PRE,SI,FIJO,,viaje,1300.0,CARGA Y ACARREO DE VIAJES DE ESCOMBRO Y MATERIAL (SE REPORTARAN LOS NECESARIO),"descripción repetida · ganó por regla — mismo precio, clave mayor"
PRE2245,PRE-0045,Preliminares,PRE,SI,FIJO,,lote,5000.0,"LIMPIEZA GRUESA Y FINA DE OBRA, INCLUYE: ACÍDO MURIATICO, DESENGRASANTES, ESCOBAS, ESPATULAS, JALADOR, FIBRAS Y ESCALERA.","descripción repetida · conservada por regla — precio distinto, no se fusiona"
ALB8207,ALB-0206,Albañilerías,ALB,SI,FIJO,,lote,6352.2,"Modulo de 3 ml para barda perimetral con cadena de desplante de armex 15x30, con muro de block 15 X 20 X 70 y trabe de cerramiento armex 15x25 a una altura de 2.75 metros. Incluye herramienta, material, andamios, herramienta menor y mano de obra.",
ALB8208,ALB-0207,Albañilerías,ALB,SI,FIJO,,ml,4846.61,"BARDA DE VIVIENDA (EJE A 5 - 11) INCLUYE TRAZO, EXCAVACIÓN, CARGA Y ACARREO, BALASTO, POLIETILENO, ZAPATA CORRIDA DE 70 CMS, CASTILLOS, MURO DE BLOCK, CADENA DE DESPLANTE Y CADENA DE CERRAMIENTO. MATERIAL, HERRAMIENTA Y MANO DE OBRA.",
EXV3017,EXV-0017,Excavaciones,EXV,SI,FIJO,,pza,100.0,"EXCAVACIÓN PARA DADOS DE CIMENTACION PUNTUAL A 50 CM DE PROFUNDIDAD, INCLUYE AFINE DE TALUDES, HERRAMIENTA MENOR Y MANO DE OBRA.",
ELE12094,ELE-0094,Instalaciones Eléctricas,ELE,SI,FIJO,,lote,3287.0,"Desmantelamiento y Aislamiento:
Desconexión, retiro de componentes en zona ajena y sellado de seguridad de conductores remanentes (instalación muerta) en el exterior para garantizar cero interferencia de terceros.",
ELE12095,ELE-0095,Instalaciones Eléctricas,ELE,SI,FIJO,,lote,4923.0,"Reubicación de Medidor y Protección:
Mudanza del sistema de medición y su interruptor de protección hacia el muro interior perimetral del taller (aprox. 10-15 m de distancia), incluyendo fijación y nivelación.",
ELE12096,ELE-0096,Instalaciones Eléctricas,ELE,SI,FIJO,,lote,3812.0,"Traslado de Tablero General:
Desmontaje, mudanza y re-instalación del tablero de distribución Siemens en su nueva ubicación operativa dentro de la zona de trabajo. Incluye cancelaciones y balanceo de carga de los tres circuitos que derivan a los tableros secundarios dentro de la operación del taller.",
ELE12097,ELE-0097,Instalaciones Eléctricas,ELE,SI,FIJO,,lote,5920.0,"Re-conexión de Sub-tableros:
Intercepción, maniobra de empalme y reconexión de los tres circuitos principales (Maquinaria, Ensamble, Oficinas) hacia el nuevo tablero general.",
ELE12098,ELE-0098,Instalaciones Eléctricas,ELE,SI,FIJO,,lote,2100.0,"Partida de Materiales de Fijación y Transición:
Incluye: Cintas aislantes de alta resistencia, abrazaderas, soportería a muro para tableros/interruptores, y conectores certificados para realizar la transición segura entre conductores de cobre y aluminio.",
EXV0001,EXV-0018,Excavaciones,EXV,NO,FIJO,,ml,89.0,xxxxxxx,BAJA · captura basura: descripción 'xxxxxxx'
ALB8206,ALB-0208,Albañilerías,ALB,NO,FIJO,,ml,0.0,barda,"BAJA · concepto sin terminar: descripción 'barda', precio 0"
